date,open,close,high,low,volume,money
2016-10-13,12.27,12.27,12.27,12.27,55019.0,674909.0
2016-10-14,13.49,13.49,13.49,13.49,28710.0,387411.0
2016-10-17,14.84,14.84,14.84,14.84,29813.0,442515.0
2016-10-18,16.33,16.33,16.33,16.33,40340.0,658742.0
2016-10-19,17.96,17.96,17.96,17.96,104652.0,1879611.0
2016-10-20,19.76,19.76,19.76,19.76,545216.0,10771965.0
2016-10-21,21.73,21.73,21.73,20.24,58377215.0,1227099362.0
2016-10-24,21.12,22.79,23.84,20.79,51292667.0,1121678981.0
2016-10-25,22.28,22.5,23.77,22.12,44717152.0,1025872229.0
2016-10-26,22.11,22.83,23.48,22.01,32727306.0,746496670.0
2016-10-27,22.77,24.58,24.98,22.54,44384042.0,1062876084.0
2016-10-28,24.25,24.71,25.82,23.81,45282109.0,1120716744.0
2016-10-31,24.43,23.08,24.43,22.86,27018473.0,634903697.0
2016-11-01,23.08,25.39,25.39,23.08,37061992.0,922853581.0
2016-11-02,26.09,27.93,27.93,25.15,28249209.0,754631304.0
2016-11-03,30.35,28.73,30.72,28.47,42044273.0,1255034580.0
2016-11-04,30.54,29.83,31.61,29.3,61522928.0,1893583621.0
2016-11-07,30.02,29.12,30.93,28.19,44216603.0,1292595599.0
2016-11-08,28.77,29.13,29.72,28.13,34787083.0,1010162289.0
2016-11-09,28.79,30.39,30.9,28.19,49649153.0,1465482127.0
2016-11-10,30.19,32.6,33.43,29.73,54738989.0,1743993439.0
2016-11-11,32.06,30.89,33.31,30.68,49088642.0,1566379241.0
2016-11-14,29.95,29.02,30.3,28.57,28024771.0,824292522.0
2016-11-15,29.03,29.2,29.63,28.81,15988405.0,466089094.0
2016-11-16,29.13,27.74,29.17,27.64,21433848.0,602218869.0
2016-11-17,27.66,27.84,28.29,27.29,13414205.0,375031780.0
2016-11-18,27.8,28.28,29.13,27.64,17090530.0,486221977.0
2016-11-21,28.08,28.52,28.73,27.37,17996131.0,504887679.0
2016-11-22,28.46,28.58,29.01,28.26,16263167.0,465420250.0
2016-11-23,28.47,27.78,29.02,27.65,15429503.0,438198538.0
2016-11-24,27.54,26.5,27.77,26.24,17372282.0,468463596.0
2016-11-25,26.26,26.78,26.91,25.61,12766173.0,336790013.0
2016-11-28,26.76,25.98,26.77,25.87,9228295.0,242972228.0
2016-11-29,25.98,25.24,26.42,25.18,10187879.0,261793829.0
2016-11-30,25.15,25.09,25.37,24.89,7721558.0,193556458.0
2016-12-01,25.27,26.66,26.8,25.08,16396531.0,424284191.0
2016-12-02,26.33,26.18,27.04,26.02,16701570.0,443213487.0
2016-12-05,25.47,25.53,25.98,24.94,8701218.0,222286306.0
2016-12-06,25.69,26.2,26.51,25.69,10894362.0,285238557.0
2016-12-07,26.2,26.42,26.59,25.68,10296303.0,269145910.0
2016-12-08,26.33,25.47,26.44,25.43,10128410.0,262030718.0
2016-12-09,25.37,25.34,25.75,25.16,6649720.0,168484859.0
2016-12-12,25.32,22.83,25.53,22.8,12398069.0,296350267.0
2016-12-13,22.39,22.98,23.21,22.21,9313721.0,211489855.0
2016-12-14,22.82,22.26,23.05,22.03,9155403.0,205457100.0
2016-12-15,22.11,22.54,22.91,22.01,7873103.0,177498279.0
2016-12-16,22.55,23.2,23.54,22.36,11093356.0,255152191.0
2016-12-19,23.11,22.71,23.16,22.5,6910697.0,157087436.0
2016-12-20,22.5,22.8,23.08,22.48,6353120.0,144838433.0
2016-12-21,22.76,23.05,23.15,22.58,7535952.0,172269994.0
2016-12-22,23.06,23.56,23.99,22.83,13479446.0,316033386.0
2016-12-23,23.33,22.46,23.49,22.39,9300425.0,212935381.0
2016-12-26,22.06,22.66,22.78,21.12,8225600.0,180928228.0
2016-12-27,22.6,22.23,22.83,22.21,5422716.0,121890826.0
2016-12-28,22.25,22.0,22.44,21.92,4001069.0,88864283.0
2016-12-29,22.0,21.73,22.22,21.7,4630987.0,101777855.0
2016-12-30,21.69,21.22,21.92,21.06,6331196.0,135680198.0
2017-01-03,21.28,21.55,21.63,21.25,5353851.0,114871085.0
2017-01-04,21.63,21.64,21.81,21.31,6260089.0,135059149.0
2017-01-05,22.0,21.77,22.65,21.73,8994335.0,199207371.0
2017-01-06,21.56,20.55,21.73,20.34,9490029.0,199504975.0
2017-01-09,20.35,20.44,20.66,20.23,4460073.0,91143142.0
2017-01-10,20.45,20.44,20.77,20.35,4564805.0,93927605.0
2017-01-11,20.45,20.21,20.61,20.18,3954553.0,80523029.0
2017-01-12,20.32,20.48,20.87,20.21,6683287.0,137067017.0
2017-01-13,20.42,19.0,20.42,18.71,8522386.0,166389152.0
2017-01-16,18.45,17.44,18.74,17.1,8534748.0,152521396.0
2017-01-17,17.25,18.19,18.5,17.05,8937523.0,158601157.0
2017-01-18,17.97,17.55,17.97,17.47,5177259.0,91869084.0
2017-01-19,17.41,17.77,18.21,17.13,6865171.0,121935371.0
2017-01-20,17.68,18.18,18.31,17.58,6280502.0,113837264.0
2017-01-23,18.18,18.23,18.51,18.12,4747739.0,87094796.0
2017-01-24,18.23,17.8,18.4,17.72,3737867.0,67050455.0
2017-01-25,17.7,18.16,18.18,17.7,3917305.0,70688203.0
2017-01-26,18.24,18.35,18.42,18.1,3063832.0,55977796.0
2017-02-03,18.45,18.17,18.45,18.05,2298275.0,41792830.0
2017-02-06,18.23,18.85,18.89,18.23,7349730.0,136640513.0
2017-02-07,18.79,18.62,18.79,18.41,4891833.0,90966201.0
2017-02-08,18.62,18.85,18.93,18.41,5850638.0,109543704.0
2017-02-09,18.8,18.92,19.27,18.75,6386700.0,121458641.0
2017-02-10,18.82,18.65,19.02,18.63,4624641.0,86754546.0
2017-02-13,18.48,19.3,19.43,18.46,8533853.0,162957316.0
2017-02-14,19.35,19.13,19.35,19.03,4492434.0,85963831.0
2017-02-15,19.13,19.01,19.51,18.99,7110671.0,137056636.0
2017-02-16,18.89,18.83,19.01,18.62,5453378.0,102463371.0
2017-02-17,18.83,18.93,19.46,18.81,7147771.0,136775497.0
2017-02-20,18.76,18.47,18.8,18.12,7409178.0,136316162.0
2017-02-21,18.57,19.3,19.49,18.57,10507681.0,200747286.0
2017-02-22,19.29,19.15,19.39,18.91,6917269.0,132189231.0
2017-02-23,19.07,19.27,19.46,18.85,8055737.0,154584132.0
2017-02-24,19.24,19.83,20.18,19.12,13107091.0,258583396.0
2017-02-27,19.83,19.7,20.07,19.48,8897880.0,176007932.0
2017-02-28,19.62,19.75,19.79,19.36,5847224.0,114488217.0
2017-03-01,19.74,19.68,20.15,19.6,6850533.0,136103187.0
2017-03-02,19.69,19.75,19.82,19.38,6642159.0,130169490.0
2017-03-03,19.68,19.9,20.01,19.48,6589938.0,130180297.0
2017-03-06,19.81,20.43,20.44,19.81,9842488.0,199396476.0
2017-03-07,20.48,20.61,20.64,20.09,9520194.0,193571892.0
2017-03-08,20.54,21.08,21.23,20.45,12754207.0,267187765.0
2017-03-09,20.93,20.77,21.22,20.56,9047573.0,188403242.0
2017-03-10,20.9,20.6,20.9,20.35,7978200.0,163969728.0
2017-03-13,20.49,20.69,20.77,20.18,7195824.0,147702625.0
2017-03-14,20.7,20.61,21.06,20.59,7231653.0,150395004.0
2017-03-15,20.5,20.44,20.56,20.25,6162268.0,125744682.0
2017-03-16,20.48,20.9,21.03,20.48,10349591.0,215561236.0
2017-03-17,20.91,20.26,21.12,20.17,11347702.0,234646272.0
2017-03-20,20.23,20.46,20.48,20.01,6128086.0,124109588.0
2017-03-21,20.46,20.65,20.66,20.35,6383833.0,131179025.0
2017-03-22,20.48,21.16,21.26,20.48,14201356.0,297009843.0
2017-03-23,21.21,21.61,21.83,20.45,19088283.0,405228091.0
2017-03-24,21.34,21.29,21.66,21.23,10964155.0,234785831.0
2017-03-27,21.27,21.0,21.43,20.9,6030786.0,127128238.0
2017-03-28,21.0,20.74,21.16,20.73,5254361.0,109866776.0
2017-03-29,20.75,19.74,20.88,19.74,8547415.0,172164573.0
2017-03-30,19.62,18.65,19.62,18.62,8035945.0,152609085.0
2017-03-31,18.63,18.76,19.03,18.47,4482929.0,84272338.0
2017-04-05,18.68,19.1,19.11,18.51,4397936.0,83099825.0
2017-04-06,19.08,18.91,19.24,18.89,4176480.0,79594978.0
2017-04-07,18.99,18.6,18.99,18.56,4217045.0,78954845.0
2017-04-10,18.44,17.71,18.52,17.7,6289859.0,112837987.0
2017-04-11,17.75,18.05,18.06,17.64,4058382.0,72373405.0
2017-04-12,18.12,17.81,18.15,17.76,3057342.0,54856708.0
2017-04-13,17.81,17.9,18.03,17.76,3228158.0,57825065.0
2017-04-14,17.85,17.63,17.88,17.62,2854192.0,50695348.0
2017-04-17,17.25,16.87,17.45,16.6,4329165.0,73230214.0
2017-04-18,16.95,16.96,17.32,16.89,2916084.0,49832002.0
2017-04-19,17.02,17.24,17.32,16.85,3140841.0,53782221.0
2017-04-20,17.32,17.31,17.51,16.97,3134194.0,54188734.0
2017-04-21,17.27,17.36,17.45,17.19,2039003.0,35307110.0
2017-04-24,18.03,17.89,18.6,17.57,8645770.0,156285078.0
2017-04-25,18.05,18.2,18.45,17.91,5297660.0,96373464.0
2017-04-26,18.21,18.13,18.35,17.98,3899771.0,70694661.0
2017-04-27,18.08,18.33,18.35,17.61,5445665.0,98348091.0
2017-04-28,18.21,18.32,18.46,18.19,4203652.0,76904558.0
2017-05-02,18.32,18.0,18.43,17.96,3377809.0,61176104.0
2017-05-03,17.92,18.35,18.41,17.9,4701759.0,85779500.0
2017-05-04,18.33,18.18,18.4,18.04,2977180.0,54282281.0
2017-05-05,18.08,18.05,18.33,17.97,3069493.0,55676686.0
2017-05-08,17.97,17.36,18.16,17.14,2839337.0,50593138.0
2017-05-09,17.32,17.51,17.62,17.21,2862577.0,49917538.0
2017-05-10,17.51,17.3,17.74,17.28,2879516.0,50552681.0
2017-05-11,17.3,17.65,17.67,17.03,3362795.0,58380880.0
2017-05-12,17.65,18.17,18.19,17.58,4678897.0,83915436.0
2017-05-15,18.25,18.14,18.4,18.08,3455868.0,62931982.0
2017-05-16,18.28,18.68,18.74,18.08,5966161.0,110015751.0
2017-05-17,18.68,18.47,18.75,18.4,4866130.0,90388291.0
2017-05-18,18.24,18.1,18.47,18.07,3776015.0,68935087.0
2017-05-19,18.05,18.16,18.25,18.03,2319921.0,42104972.0
2017-05-22,18.03,17.29,18.24,17.14,3960899.0,70049059.0
2017-05-23,17.3,17.18,17.64,17.04,3295534.0,57218916.0
2017-05-24,17.08,17.74,17.86,16.97,3126728.0,54217043.0
2017-05-25,17.81,17.86,17.96,17.36,3151131.0,55740879.0
2017-05-26,17.96,18.2,18.4,17.86,4823511.0,87529669.0
2017-05-31,18.45,17.68,18.68,17.66,5479477.0,99014415.0
2017-06-01,17.38,16.06,17.41,15.92,6624837.0,110994825.0
2017-06-02,15.97,16.2,16.47,15.42,4241492.0,67626191.0
2017-06-05,16.32,16.28,16.54,16.24,2213925.0,36225645.0
2017-06-06,16.34,16.34,16.42,16.12,1392705.0,22695362.0
2017-06-07,16.36,16.84,16.94,16.36,4347774.0,72739906.0
2017-06-08,17.0,16.89,17.0,16.76,3543308.0,59872948.0
2017-06-09,16.94,16.75,16.94,16.62,2444559.0,40832322.0
2017-06-12,16.61,16.2,16.61,16.18,2544621.0,41635750.0
2017-06-13,16.2,16.55,16.63,16.2,2991890.0,49241891.0
2017-06-14,16.54,16.63,16.73,16.31,2876411.0,47595461.0
2017-06-15,16.63,16.93,17.04,16.55,3727917.0,63023668.0
2017-06-16,16.87,16.78,16.96,16.7,2122598.0,35636062.0
2017-06-19,16.69,16.8,16.85,16.69,1392487.0,23367010.0
2017-06-20,16.86,16.81,17.02,16.78,1933452.0,32636212.0
2017-06-21,16.77,17.05,17.09,16.5,3694384.0,62156288.0
2017-06-22,17.33,17.69,18.51,17.33,9322863.0,166305569.0
2017-06-23,17.97,18.12,18.32,17.7,8296349.0,149762572.0
2017-06-26,17.86,18.16,18.23,17.6,6157291.0,110886497.0
2017-06-27,18.12,18.3,18.41,17.94,4185026.0,76045270.0
2017-06-28,18.27,18.33,18.43,18.01,3995754.0,72962056.0
2017-06-29,18.32,18.45,18.49,18.21,3528730.0,64888336.0
2017-06-30,18.35,18.43,18.78,18.21,4199426.0,77789949.0
2017-07-03,18.38,18.89,18.95,18.18,5341927.0,99420470.0
2017-07-04,19.01,18.75,19.01,18.66,4451721.0,83811997.0
2017-07-05,18.78,18.67,18.85,18.58,2842084.0,53172388.0
2017-07-06,18.72,18.84,18.9,18.59,3880160.0,72855409.0
2017-07-07,18.7,19.16,19.27,18.64,5440850.0,104000026.0
2017-07-10,18.95,18.97,19.38,18.84,4276900.0,81857580.0
2017-07-11,18.97,19.24,19.3,18.48,5437377.0,102926413.0
2017-07-12,19.64,19.42,19.82,19.19,4936157.0,95929697.0
2017-07-13,19.27,19.42,19.59,19.21,2790359.0,54154257.0
2017-07-14,19.47,19.38,19.48,19.11,2611749.0,50458499.0
2017-07-17,19.3,18.72,19.34,17.81,5235456.0,98270077.0
2017-07-18,18.67,18.47,18.88,18.28,2868762.0,53126993.0
2017-07-19,18.37,18.58,18.59,18.37,2412334.0,44558212.0
2017-07-20,18.52,18.5,18.74,18.45,2041545.0,37956444.0
2017-07-21,18.39,18.17,18.58,18.11,2217185.0,40566685.0
2017-07-24,18.09,17.84,18.15,17.23,4219739.0,74594557.0
2017-07-25,17.74,17.68,17.78,17.58,1983492.0,35060781.0
2017-07-26,17.77,18.64,19.24,17.77,5962937.0,110850043.0
2017-07-27,18.2,18.98,19.02,18.2,5514509.0,103213908.0
2017-07-28,18.99,18.65,19.21,18.61,3126099.0,58985859.0
2017-07-31,18.55,18.96,19.05,18.43,3071719.0,57850171.0
2017-08-01,18.9,18.62,19.01,18.4,2690126.0,50185209.0
2017-08-02,18.53,18.17,18.66,18.11,2492144.0,45672999.0
2017-08-03,18.06,18.12,18.38,18.06,1923021.0,35068022.0
2017-08-04,17.97,17.81,18.2,17.81,1680391.0,30207571.0
2017-08-07,17.76,17.8,18.1,17.75,1592543.0,28452341.0
2017-08-08,17.81,17.7,17.92,17.58,2243151.0,39676230.0
2017-08-09,17.66,17.45,17.68,17.4,2728712.0,47846779.0
2017-08-10,17.51,17.17,17.51,17.16,2366964.0,40877709.0
2017-08-11,17.12,17.21,17.47,16.96,1814527.0,31346016.0
2017-08-14,17.18,17.41,17.48,17.18,1338596.0,23299393.0
2017-08-15,17.41,17.52,17.74,17.41,1446202.0,25388606.0
2017-08-16,17.48,17.52,17.72,17.39,2370794.0,41582061.0
2017-08-17,17.54,17.56,17.62,17.45,1629267.0,28516965.0
2017-08-18,17.57,17.29,17.57,17.27,1806003.0,31432709.0
2017-08-21,17.29,17.42,17.48,17.18,1403165.0,24337298.0
2017-08-22,17.49,17.49,17.69,17.38,1903321.0,33402956.0
2017-08-23,17.51,17.51,17.68,17.25,1297608.0,22627760.0
2017-08-24,17.51,17.41,17.6,17.35,1381276.0,24082979.0
2017-08-25,17.42,17.58,17.6,17.35,2430488.0,42520569.0
2017-08-28,17.7,17.87,17.9,17.52,4459714.0,79046404.0
2017-08-29,17.88,17.93,18.03,17.7,3968862.0,70844530.0
2017-08-30,17.86,17.67,17.87,17.63,2708841.0,47989650.0
2017-08-31,17.63,18.0,18.02,17.62,3375705.0,60355619.0
2017-09-01,18.02,17.78,18.02,17.64,3498867.0,62159255.0
2017-09-04,17.7,17.47,17.86,17.41,3525009.0,62094061.0
2017-09-05,17.47,17.5,17.67,17.39,2370448.0,41503848.0
2017-09-06,17.57,17.42,17.6,17.3,1985064.0,34558145.0
2017-09-07,17.49,17.39,17.6,17.24,1909763.0,33356779.0
2017-09-08,17.35,17.36,17.47,17.24,2028503.0,35146420.0
2017-09-11,17.36,17.55,17.56,17.25,2257211.0,39285129.0
2017-09-12,17.55,17.25,17.56,17.18,3149389.0,54532543.0
2017-09-13,17.23,17.16,17.31,17.01,2464883.0,42184758.0
2017-09-14,17.16,16.99,17.18,16.9,2586579.0,44006516.0
2017-09-15,16.99,16.9,16.99,16.85,1472523.0,24895700.0
2017-09-18,16.88,17.12,17.14,16.81,1673105.0,28478892.0
2017-09-19,17.15,17.18,17.22,17.08,1696153.0,29078220.0
2017-09-20,17.09,17.14,17.18,16.99,1464347.0,25014514.0
2017-09-21,17.14,16.83,17.14,16.82,1460157.0,24824082.0
2017-09-22,16.83,16.58,16.87,16.54,2180805.0,36302053.0
2017-09-25,16.51,16.42,16.65,16.39,1622235.0,26812387.0
2017-09-26,16.39,16.09,16.48,16.0,2782150.0,45135248.0
2017-09-27,16.15,16.28,16.42,16.1,1624364.0,26473553.0
2017-09-28,16.28,16.14,16.35,16.11,1420929.0,22998926.0
2017-09-29,16.2,16.62,16.75,16.18,3296673.0,54704936.0
2017-10-09,16.83,16.65,16.94,16.59,2244812.0,37644472.0
2017-10-10,16.6,16.81,16.82,16.55,1661381.0,27686524.0
2017-10-11,16.81,16.77,16.83,16.67,1771300.0,29683986.0
2017-10-12,16.78,16.67,16.85,16.6,1279837.0,21388892.0
2017-10-13,16.73,16.82,16.92,16.67,2177363.0,36631087.0
2017-10-16,16.77,16.36,16.85,16.34,2718131.0,44942412.0
2017-10-17,16.34,16.47,16.66,16.34,1821493.0,30095078.0
2017-10-18,16.54,16.64,16.84,16.49,3404871.0,56874607.0
2017-10-19,16.14,16.19,16.36,15.97,3404245.0,55047742.0
2017-10-20,16.16,16.38,16.42,16.05,2081361.0,33707309.0
2017-10-23,16.48,16.55,16.56,16.39,2279918.0,37572084.0
2017-10-24,16.46,16.36,16.54,16.25,1516873.0,24785717.0
2017-10-25,16.36,16.76,16.77,16.18,4511197.0,74768658.0
2017-10-26,16.73,16.89,17.02,16.66,5034215.0,84877507.0
2017-10-27,16.94,16.89,17.09,16.76,3105967.0,52460523.0
2017-10-30,16.83,16.66,17.01,16.58,2559377.0,42817522.0
2017-10-31,16.66,17.0,17.05,16.55,3141208.0,53089841.0
2017-11-01,17.05,16.81,17.1,16.74,2594374.0,43864894.0
2017-11-02,16.81,16.56,16.93,16.52,2659463.0,44425484.0
2017-11-03,16.62,16.15,16.69,16.06,3597368.0,58502010.0
2017-11-06,16.08,16.17,16.2,15.62,4114739.0,65513832.0
2017-11-07,16.06,16.11,16.2,15.97,1744015.0,28028039.0
2017-11-08,16.23,16.34,16.47,16.23,2840773.0,46541168.0
2017-11-09,16.23,16.81,16.94,16.14,4331154.0,72038240.0
2017-11-10,16.77,16.69,16.92,16.47,3999454.0,66905793.0
2017-11-13,16.6,16.82,16.89,16.47,2726666.0,45639977.0
2017-11-14,16.82,16.6,16.86,16.4,2228063.0,36880793.0
2017-11-15,16.97,16.83,17.49,16.8,7673097.0,130610569.0
2017-11-16,16.6,17.19,17.23,16.31,6119303.0,104013548.0
2017-11-17,17.18,17.17,17.49,16.94,8030840.0,138710170.0
2017-11-20,17.02,17.39,17.41,16.67,4434789.0,75395312.0
2017-11-21,17.39,17.74,17.9,17.23,6720911.0,118802693.0
2017-11-22,17.75,17.7,17.78,17.5,3729233.0,65645918.0
2017-11-23,17.62,17.18,17.66,17.17,3980468.0,69432131.0
2017-11-24,17.12,17.24,17.4,17.01,2013391.0,34705441.0
2017-11-27,17.17,17.06,17.24,16.89,1878394.0,32037929.0
2017-11-28,17.05,17.63,17.64,16.94,2768587.0,48320325.0
2017-11-29,17.59,17.54,17.63,17.31,2058411.0,35901806.0
2017-11-30,17.45,17.48,17.69,17.4,1864813.0,32645419.0
2017-12-01,17.44,17.75,17.77,17.26,2806307.0,49502305.0
2017-12-04,17.79,17.35,17.79,17.24,2286858.0,39852264.0
2017-12-05,17.35,16.82,17.38,16.51,2695799.0,45628805.0
2017-12-06,16.69,16.76,16.87,16.09,1608021.0,26618796.0
2017-12-07,16.66,16.58,16.78,16.39,821936.0,13686933.0
2017-12-08,16.66,16.71,16.82,16.59,1006852.0,16847308.0
2017-12-11,16.63,16.7,16.77,16.6,764532.0,12759617.0
2017-12-12,16.66,16.2,16.74,16.2,1180432.0,19428337.0
2017-12-13,16.12,16.28,16.35,16.12,912487.0,14843755.0
2017-12-14,16.32,16.24,16.39,16.19,805412.0,13114424.0
2017-12-15,16.15,16.11,16.25,16.02,1174516.0,18941181.0
2017-12-18,16.14,16.06,16.2,15.92,1057813.0,16916971.0
2017-12-19,16.01,16.13,16.14,16.01,898593.0,14449632.0
2017-12-20,16.17,15.73,16.17,15.7,1208813.0,19246829.0
2017-12-21,15.74,15.67,15.76,15.31,1908489.0,29633868.0
2017-12-22,15.57,15.47,15.72,15.45,766795.0,11925628.0
2017-12-25,15.36,15.13,15.47,14.85,2364243.0,35586544.0
2017-12-26,15.21,15.32,15.43,15.05,986360.0,15051512.0
2017-12-27,15.32,15.34,15.48,15.07,1030598.0,15769957.0
2017-12-28,15.3,15.31,15.52,15.22,913880.0,14063729.0
2017-12-29,15.33,15.41,15.51,15.31,574235.0,8835583.0
2018-01-02,15.48,15.56,15.59,15.39,980762.0,15178342.0
2018-01-03,15.63,15.52,15.63,15.45,1141423.0,17706923.0
2018-01-04,15.61,15.43,15.61,15.4,915586.0,14161315.0
2018-01-05,15.43,15.5,15.73,15.39,1219435.0,18974654.0
2018-01-08,15.5,15.31,15.5,15.13,1555467.0,23718719.0
2018-01-09,15.35,15.15,15.35,14.82,2539259.0,38186421.0
2018-01-10,15.08,15.31,15.35,14.88,2083172.0,31439551.0
2018-01-11,15.21,15.88,16.25,15.03,6944472.0,108988675.0
2018-01-12,15.86,15.3,15.89,15.28,4778948.0,74239710.0
2018-01-15,15.23,15.09,15.34,14.95,2306443.0,34722695.0
2018-01-16,15.14,15.16,15.21,14.93,1511530.0,22834016.0
2018-01-17,15.16,14.99,15.16,14.88,1401843.0,21036141.0
2018-01-18,14.99,14.95,15.07,14.93,1205414.0,18060133.0
2018-01-19,14.95,14.85,15.04,14.82,1404591.0,20924973.0
2018-01-22,14.85,14.73,14.85,14.54,1696867.0,24932828.0
2018-01-23,14.78,14.9,14.92,14.57,1330072.0,19661476.0
2018-01-24,14.86,14.97,15.0,14.8,1459039.0,21780396.0
2018-01-25,14.98,14.88,15.05,14.87,1196801.0,17858971.0
2018-01-26,14.82,15.16,15.31,14.76,2702868.0,40845025.0
2018-01-29,15.24,15.16,15.4,15.08,1841166.0,28101381.0
2018-01-30,15.12,15.16,15.22,15.05,710993.0,10776698.0
2018-01-31,15.09,15.2,15.34,14.86,1713755.0,25896678.0
2018-02-01,15.2,14.78,15.29,14.66,1693350.0,25344250.0
2018-02-02,14.66,14.31,14.83,14.08,1456044.0,21169579.0
2018-02-05,14.21,14.28,14.35,14.1,778774.0,11058522.0
2018-02-06,14.19,13.29,14.19,12.98,3162974.0,42432571.0
2018-02-07,13.38,13.16,13.45,12.93,1582619.0,20955544.0
2018-02-08,13.03,13.34,13.47,12.95,866001.0,11522246.0
2018-02-09,13.11,12.79,13.11,12.48,2348509.0,30003547.0
2018-02-12,12.82,13.02,13.12,12.82,778948.0,10164699.0
2018-02-13,13.1,13.07,13.18,12.98,747393.0,9769908.0
2018-02-14,13.1,13.18,13.21,12.98,734266.0,9626222.0
2018-02-22,13.22,13.25,13.29,13.12,560446.0,7419800.0
2018-02-23,13.35,13.26,13.35,13.16,546691.0,7224693.0
2018-02-26,13.29,13.48,13.5,13.24,905930.0,12137987.0
2018-02-27,13.47,13.95,13.98,13.37,2534802.0,34739895.0
2018-02-28,13.78,13.68,13.83,13.65,907438.0,12455220.0
2018-03-01,13.6,13.71,13.75,13.6,637748.0,8724498.0
2018-03-02,13.96,13.74,14.04,13.7,1046548.0,14501461.0
2018-03-05,13.77,14.07,14.23,13.73,1945239.0,27298152.0
2018-03-06,13.9,13.91,14.04,13.71,1761425.0,24345148.0
2018-03-07,13.95,13.7,13.95,13.67,802975.0,11055831.0
2018-03-08,13.7,13.74,13.78,13.66,730373.0,10019353.0
2018-03-09,13.7,13.87,13.98,13.7,1003022.0,13875597.0
2018-03-12,13.88,14.03,14.07,13.87,2011615.0,28099752.0
2018-03-13,14.07,13.96,14.22,13.96,1149479.0,16176823.0
2018-03-14,13.92,13.69,13.92,13.63,1300220.0,17887582.0
2018-03-15,13.66,13.9,13.95,13.15,2138456.0,28925496.0
2018-03-16,13.9,14.36,14.91,13.9,6465714.0,93840169.0
2018-03-19,14.18,14.24,14.35,13.96,3493810.0,49233307.0
2018-03-20,14.03,14.32,14.35,13.91,2493297.0,35251538.0
2018-03-21,15.75,14.72,15.75,14.67,12191072.0,187339318.0
2018-03-22,14.5,14.82,15.31,14.47,8676087.0,129269064.0
2018-03-23,13.9,13.34,13.91,13.34,7600227.0,103110273.0
2018-03-26,12.76,12.75,13.14,12.19,4253496.0,53921887.0
2018-03-27,13.03,13.24,13.6,13.03,3857643.0,51359748.0
2018-03-28,12.95,13.12,13.33,12.95,2437207.0,31947917.0
2018-03-29,13.31,13.38,13.55,13.22,2492830.0,33359927.0
2018-03-30,13.58,13.5,13.65,13.3,3433108.0,46248192.0
2018-04-02,13.04,13.15,13.31,12.97,4793103.0,62891989.0
2018-04-03,12.91,12.8,12.95,12.72,2588426.0,33201649.0
2018-04-04,12.97,12.89,13.07,12.88,2461246.0,31926144.0
2018-04-09,12.76,12.89,13.02,12.69,1689520.0,21744695.0
2018-04-10,12.93,13.18,13.19,12.89,2879870.0,37760955.0
2018-04-11,13.18,13.21,13.31,13.04,2230979.0,29467103.0
2018-04-12,13.21,13.45,13.54,13.21,3514180.0,47263940.0
2018-04-13,13.72,13.32,13.72,13.3,2065762.0,27748788.0
2018-04-16,13.3,13.41,13.44,13.11,2002241.0,26606566.0
2018-04-17,13.44,13.01,13.49,12.92,1821720.0,24013292.0
2018-04-18,13.07,12.89,13.1,12.61,1978322.0,25287686.0
2018-04-19,12.91,12.89,13.01,12.8,1334541.0,17239396.0
2018-04-20,12.76,12.53,12.87,12.53,1705351.0,21653141.0
2018-04-23,12.57,12.6,12.73,12.53,962629.0,12145911.0
2018-04-24,12.58,12.87,12.9,12.58,1157279.0,14816825.0
2018-04-25,12.87,12.81,12.94,12.66,1302831.0,16704528.0
2018-04-26,12.81,12.42,12.84,12.37,1478798.0,18658089.0
2018-04-27,12.46,12.35,12.55,12.32,973598.0,12079038.0
2018-05-02,11.98,12.35,12.47,11.44,5064022.0,59537250.0
2018-05-03,12.11,12.24,12.41,11.83,1964258.0,23862185.0
2018-05-04,12.11,12.01,12.32,12.0,1012249.0,12295906.0
2018-05-07,12.02,12.23,12.29,12.0,1607864.0,19648734.0
2018-05-08,12.25,12.27,12.34,12.1,1205468.0,14723579.0
2018-05-09,12.29,12.14,12.29,12.11,973946.0,11845890.0
2018-05-10,12.22,12.34,12.35,12.15,1393053.0,17030016.0
2018-05-11,12.35,12.49,12.62,12.32,2378096.0,29764770.0
2018-05-14,12.6,12.34,12.61,12.3,1198290.0,14950175.0
2018-05-15,12.3,12.43,12.45,12.3,904478.0,11203617.0
2018-05-16,12.56,12.74,12.89,12.41,2217101.0,28030613.0
2018-05-17,12.74,12.84,12.85,12.65,1869801.0,23916764.0
2018-05-18,12.84,12.99,13.16,12.72,2535495.0,32985056.0
2018-05-21,13.13,12.96,13.16,12.89,1890786.0,24606920.0
2018-05-22,13.0,12.96,13.01,12.85,1519368.0,19634174.0
2018-05-23,12.86,12.92,13.14,12.76,2150659.0,27796597.0
2018-05-24,12.97,12.96,13.07,12.87,1060128.0,13764520.0
2018-05-25,12.98,12.83,13.0,12.68,1243461.0,15945896.0
2018-05-28,12.83,12.53,12.83,12.35,1364811.0,17210119.0
2018-05-29,12.53,13.12,13.77,12.44,5550657.0,73236683.0
2018-05-30,12.75,13.2,13.5,12.69,4768958.0,62693687.0
2018-05-31,13.09,13.81,14.04,13.09,7825044.0,106679419.0
2018-06-01,13.61,13.53,13.72,13.37,3842940.0,51859078.0
2018-06-04,13.58,13.49,13.64,13.35,1979780.0,26668125.0
2018-06-05,13.64,13.33,13.76,13.19,5016608.0,67431314.0
2018-06-06,13.3,13.14,13.32,13.04,3353620.0,43988840.0
2018-06-07,13.1,12.9,13.39,12.88,3496345.0,45863537.0
2018-06-08,12.88,12.5,12.95,12.33,3049416.0,38358702.0
2018-06-11,12.42,12.29,12.56,12.2,1672833.0,20719901.0
2018-06-12,12.3,12.59,12.69,12.18,1463686.0,18251103.0
2018-06-13,12.59,12.25,12.59,12.23,1125766.0,13962703.0
2018-06-14,12.25,12.31,12.51,12.23,825460.0,10199529.0
2018-06-15,12.28,12.12,12.46,11.87,1500803.0,18144834.0
2018-06-19,11.96,11.06,12.04,10.91,2362437.0,26848963.0
2018-06-20,11.1,11.1,11.3,10.68,1393122.0,15452871.0
2018-06-21,11.14,10.86,11.35,10.86,1302744.0,14368397.0
2018-06-22,10.83,11.14,11.16,10.74,972376.0,10720373.0
2018-06-25,11.21,11.12,11.43,11.1,905871.0,10198925.0
2018-06-26,10.93,11.19,11.29,10.8,782373.0,8696150.0
2018-06-27,11.21,11.14,11.36,11.11,967278.0,10892803.0
2018-06-28,11.16,10.98,11.42,10.92,1076891.0,12002166.0
2018-06-29,11.02,11.17,11.25,10.97,895947.0,9994364.0
2018-07-02,11.19,11.0,11.34,10.95,847197.0,9399380.0
2018-07-03,11.07,11.26,11.43,11.07,1896792.0,21412314.0
2018-07-04,11.16,10.99,11.3,10.96,1053338.0,11697393.0
2018-07-05,10.98,10.48,11.1,10.46,1096499.0,11819486.0
2018-07-06,10.65,10.48,10.71,10.37,973211.0,10267535.0
2018-07-09,10.44,10.59,10.64,10.44,1068834.0,11256309.0
2018-07-10,10.47,10.57,10.63,10.47,766412.0,8079218.0
2018-07-11,10.45,10.07,10.45,9.58,3430749.0,34357501.0
2018-07-12,10.05,10.15,10.19,9.99,1215155.0,12304598.0
2018-07-13,10.14,10.14,10.22,10.02,1168770.0,11844217.0
2018-07-16,10.18,10.56,10.91,9.84,2577632.0,26746656.0
2018-07-17,10.36,10.31,10.49,10.2,1384038.0,14230953.0
2018-07-18,10.31,10.27,10.37,10.25,844412.0,8708543.0
2018-07-19,10.31,10.34,10.45,10.22,1130603.0,11702558.0
2018-07-20,10.33,10.3,10.48,10.22,856077.0,8843732.0
2018-07-23,10.25,10.24,10.33,10.11,910398.0,9306752.0
2018-07-24,10.24,10.38,10.44,10.22,1348621.0,13943290.0
2018-07-25,10.38,10.64,10.65,10.38,1919513.0,20288529.0
2018-07-26,10.6,10.51,10.6,10.35,1807927.0,18893955.0
2018-07-27,10.5,10.34,10.6,10.34,1321809.0,13822950.0
2018-07-30,10.42,10.22,10.42,10.14,1007548.0,10353865.0
2018-07-31,10.3,10.13,10.3,10.11,681101.0,6929209.0
2018-08-01,10.13,9.82,10.22,9.8,1172078.0,11776961.0
2018-08-02,9.82,9.52,9.86,9.19,1700323.0,16088417.0
2018-08-03,9.48,9.5,9.62,9.25,966670.0,9135117.0
2018-08-06,9.49,9.64,9.71,9.13,1125914.0,10519464.0
2018-08-07,9.57,9.73,9.75,9.43,1158710.0,11144486.0
2018-08-08,9.61,9.53,9.93,9.49,898877.0,8741384.0
2018-08-09,9.48,9.71,9.76,9.35,1053690.0,10166534.0
2018-08-10,9.71,9.71,9.73,9.6,486280.0,4704416.0
2018-08-13,9.69,9.66,9.7,9.52,551406.0,5290847.0
2018-08-14,9.6,9.63,9.68,9.59,333565.0,3212014.0
2018-08-15,9.63,9.59,9.63,9.36,879407.0,8328689.0
2018-08-16,9.37,9.31,9.49,9.3,727216.0,6822834.0
2018-08-17,9.33,9.2,9.46,9.19,485580.0,4498871.0
2018-08-20,9.1,9.23,9.34,8.95,643865.0,5864833.0
2018-08-21,9.07,9.22,9.32,9.02,477606.0,4400008.0
2018-08-22,9.21,9.15,9.28,9.07,425026.0,3895419.0
2018-08-23,9.16,9.09,9.21,9.03,386340.0,3525532.0
2018-08-24,9.1,9.02,9.14,9.02,381813.0,3471316.0
2018-08-27,9.03,9.19,9.21,9.03,612851.0,5596900.0
2018-08-28,9.22,9.18,9.32,9.15,818160.0,7547012.0
2018-08-29,9.23,9.23,9.28,9.13,861483.0,7943682.0
2018-08-30,9.29,9.09,9.29,8.97,965660.0,8774591.0
2018-08-31,9.02,8.92,9.03,8.87,482969.0,4320066.0
2018-09-03,8.93,8.79,8.93,8.63,494839.0,4343055.0
2018-09-04,8.8,8.86,8.88,8.72,935817.0,8222227.0
2018-09-05,8.86,8.66,8.86,8.63,648717.0,5667932.0
2018-09-06,8.63,8.9,8.96,8.63,1797639.0,15784302.0
2018-09-07,8.98,8.78,8.98,8.7,997651.0,8779895.0
2018-09-10,8.71,8.5,8.85,8.5,1096690.0,9511908.0
2018-09-11,8.5,8.61,8.61,8.44,1409236.0,12033800.0
2018-09-12,8.66,8.7,8.79,8.57,1431870.0,12490970.0
2018-09-13,8.73,8.72,8.87,8.63,1026681.0,8968731.0
2018-09-14,8.69,8.71,8.85,8.63,816729.0,7105510.0
2018-09-17,8.64,8.65,8.75,8.33,1408331.0,12031342.0
2018-09-18,8.64,8.69,8.72,8.54,637889.0,5523465.0
2018-09-19,8.68,8.89,8.98,8.63,1544457.0,13676314.0
2018-09-20,8.89,8.93,8.99,8.83,1053827.0,9409620.0
2018-09-21,8.98,9.83,9.83,8.98,4715877.0,44968708.0
2018-09-25,9.86,9.83,10.26,9.79,5386455.0,53818364.0
2018-09-26,9.82,10.21,10.48,9.78,6165975.0,62488264.0
2018-09-27,10.07,10.32,10.6,10.07,4347217.0,44973278.0
2018-09-28,10.25,10.25,10.38,10.08,2186594.0,22286369.0
2018-10-08,10.16,10.03,10.38,9.96,2066406.0,20968695.0
2018-10-09,10.22,10.24,10.36,9.97,2676407.0,27287178.0
2018-10-10,10.34,9.93,10.36,9.86,2896118.0,29024432.0
2018-10-11,9.65,9.66,10.04,9.42,3294664.0,32110160.0
2018-10-12,9.71,10.09,10.22,9.54,3887897.0,38906306.0
2018-10-15,10.32,9.63,10.33,9.59,3942956.0,39394405.0
2018-10-16,9.71,9.15,9.74,9.01,2829040.0,26195232.0
2018-10-17,9.09,9.2,9.32,9.03,1233015.0,11323117.0
2018-10-18,9.2,9.16,9.45,9.08,1734146.0,16097708.0
2018-10-19,9.03,9.22,9.45,8.83,1281733.0,11814399.0
2018-10-22,9.3,9.99,10.15,9.3,3534341.0,35024300.0
2018-10-23,9.91,9.98,10.27,9.91,3408985.0,34411768.0
2018-10-24,9.88,10.67,10.73,9.88,5558767.0,58007669.0
2018-10-25,10.34,11.18,11.19,10.17,7658444.0,83130828.0
2018-10-26,11.33,10.91,11.46,10.74,4459390.0,49016195.0
2018-10-29,11.06,10.89,11.26,10.75,3475743.0,38297064.0
2018-10-30,10.76,10.82,11.09,10.6,2646174.0,28748347.0
2018-10-31,10.84,10.84,11.19,10.56,3394594.0,36863228.0
2018-11-01,10.8,10.89,11.19,10.75,3538703.0,38958242.0
2018-11-02,11.23,10.91,11.37,10.56,4730255.0,51597208.0
2018-11-05,10.91,10.95,11.09,10.69,2254523.0,24640199.0
2018-11-06,10.87,11.75,11.94,10.8,7495511.0,85872945.0
2018-11-07,11.49,11.34,11.85,11.3,5934826.0,68525550.0
2018-11-08,11.34,11.49,11.72,11.21,4926903.0,56664372.0
2018-11-09,11.35,11.22,11.63,11.22,1866009.0,21160525.0
2018-11-12,11.09,11.41,11.65,11.09,2833508.0,32635612.0
2018-11-13,11.33,11.73,11.92,11.27,3531188.0,41330696.0
2018-11-14,11.63,11.64,11.91,11.6,1624939.0,19077378.0
2018-11-15,11.8,11.98,12.14,11.67,2233704.0,26725822.0
2018-11-16,11.98,12.25,12.28,11.54,4902863.0,58597189.0
2018-11-19,12.05,12.1,12.23,11.89,2441782.0,29410029.0
2018-11-20,11.99,11.78,12.03,11.75,1732001.0,20554121.0
2018-11-21,11.69,11.67,11.72,11.46,1178879.0,13711506.0
2018-11-22,11.63,11.53,11.92,11.42,1469006.0,17125009.0
2018-11-23,11.29,11.34,11.65,11.09,1935893.0,21955402.0
2018-11-26,11.27,10.98,11.36,10.98,1283332.0,14329838.0
2018-11-27,11.02,11.27,11.29,11.02,1785983.0,19999431.0
2018-11-28,11.03,11.54,11.57,11.03,2794760.0,31538362.0
2018-11-29,11.49,11.33,11.8,11.3,1812264.0,21007667.0
2018-11-30,11.29,11.48,11.59,11.23,1578677.0,18108060.0
2018-12-03,11.82,11.57,11.98,11.52,4292727.0,50336869.0
2018-12-04,11.57,11.61,11.76,11.5,1391646.0,16180799.0
2018-12-05,11.44,11.44,11.58,11.29,1665410.0,19027342.0
2018-12-06,11.32,11.24,11.56,11.21,978821.0,11093092.0
2018-12-07,11.21,11.34,11.45,11.21,922595.0,10490485.0
2018-12-10,11.31,11.52,11.54,11.22,1277412.0,14573669.0
2018-12-11,11.59,11.25,11.75,11.23,1393192.0,15754364.0
2018-12-12,11.26,10.98,11.36,10.93,1591190.0,17578243.0
2018-12-13,11.03,11.22,11.3,11.0,1434803.0,16036245.0
2018-12-14,11.2,11.06,11.31,11.04,1045892.0,11723798.0
2018-12-17,11.06,11.14,11.25,11.0,927773.0,10339101.0
2018-12-18,11.3,10.81,11.3,10.64,1834243.0,20111353.0
2018-12-19,10.93,11.02,11.2,10.82,1625275.0,18026344.0
2018-12-20,10.92,10.92,11.11,10.86,1255792.0,13775233.0
2018-12-21,11.27,11.32,11.65,11.21,3512531.0,40017607.0
2018-12-24,11.33,11.9,11.99,11.33,4921955.0,57568247.0
2018-12-25,11.72,12.1,12.18,11.72,4479739.0,53611737.0
2018-12-26,12.06,12.12,12.3,11.95,2454626.0,29725344.0
2018-12-27,12.33,11.89,12.34,11.85,2593165.0,31184034.0
2018-12-28,11.92,12.07,12.29,11.8,2484102.0,30060988.0
2019-01-02,12.15,12.64,12.72,12.0,3658486.0,45642791.0
2019-01-03,12.63,12.52,12.64,12.25,3262032.0,40464550.0
2019-01-04,12.34,12.53,12.69,12.27,2765157.0,34481810.0
2019-01-07,12.57,12.66,12.67,12.41,2555879.0,32162923.0
2019-01-08,12.56,12.61,12.77,12.48,1953605.0,24641708.0
2019-01-09,12.48,12.75,13.08,12.48,2642364.0,33961047.0
2019-01-10,12.8,12.84,13.04,12.75,1407295.0,18114172.0
2019-01-11,12.7,12.67,12.84,12.52,1300074.0,16441680.0
2019-01-14,12.75,12.64,13.01,12.58,1516560.0,19344033.0
2019-01-15,12.68,12.65,12.78,12.38,1605150.0,20121600.0
2019-01-16,12.77,12.49,12.77,12.42,1418857.0,17738409.0
2019-01-17,12.44,12.57,12.62,12.3,1757421.0,21878977.0
2019-01-18,12.35,12.45,12.55,12.31,1690467.0,20965984.0
2019-01-21,12.38,12.55,12.64,12.07,1848508.0,22985551.0
2019-01-22,12.52,12.19,12.64,12.18,1459488.0,18073839.0
2019-01-23,12.18,12.72,12.83,12.1,2646365.0,33327949.0
2019-01-24,12.7,12.54,12.78,12.46,1440831.0,18138406.0
2019-01-25,12.54,12.61,12.68,12.42,1694917.0,21247902.0
2019-01-28,12.72,12.46,12.72,12.24,2025674.0,25187828.0
2019-01-29,12.22,12.32,12.47,11.91,1921111.0,23481065.0
2019-01-30,12.23,12.14,12.29,11.92,1629627.0,19729396.0
2019-01-31,12.02,12.1,12.29,11.94,1575782.0,19093513.0
2019-02-01,12.14,12.47,12.52,12.06,1727398.0,21363387.0
2019-02-11,12.48,12.72,12.8,12.33,1489849.0,18846029.0
2019-02-12,12.58,12.93,13.12,12.58,3244665.0,41841165.0
2019-02-13,12.95,12.93,13.11,12.8,2491145.0,32202032.0
2019-02-14,12.94,12.93,13.01,12.83,1322087.0,17096505.0
2019-02-15,12.93,12.77,12.97,12.68,1576001.0,20158236.0
2019-02-18,12.77,12.93,12.93,12.58,3030454.0,38720250.0
2019-02-19,12.84,12.88,13.12,12.6,2788447.0,35771413.0
2019-02-20,12.8,12.88,12.91,12.66,1879329.0,24051961.0
2019-02-21,12.9,12.9,13.08,12.71,2171026.0,27921160.0
2019-02-22,12.98,13.32,13.49,12.76,3989815.0,52679105.0
2019-02-25,13.53,13.93,14.05,13.33,5803540.0,79990940.0
2019-02-26,13.91,13.76,14.01,13.67,3787151.0,52465065.0
2019-02-27,13.75,13.58,13.93,13.4,2289811.0,31343566.0
2019-02-28,13.33,13.36,13.67,13.25,2655109.0,35529936.0
2019-03-01,13.4,13.65,13.66,13.4,2680972.0,36330974.0
2019-03-04,13.66,13.2,13.82,12.98,6790412.0,91375786.0
2019-03-05,13.27,13.33,13.58,13.13,6817731.0,91014653.0
2019-03-06,13.46,13.28,13.47,13.03,5095225.0,67225343.0
2019-03-07,13.29,13.5,13.61,13.24,4743549.0,63706193.0
2019-03-08,13.37,12.75,13.47,12.69,4826155.0,63726462.0
2019-03-11,12.84,13.7,13.76,12.84,4454557.0,59837087.0
2019-03-12,13.76,13.91,14.25,13.6,4862310.0,67970073.0
2019-03-13,13.95,14.5,14.96,13.7,7461855.0,107916472.0
2019-03-14,14.36,14.85,14.96,13.8,5536796.0,79976526.0
2019-03-15,14.65,15.01,15.15,14.47,4785342.0,70955919.0
2019-03-18,14.94,15.55,16.08,14.78,5729291.0,89536801.0
2019-03-19,15.8,15.61,15.8,15.3,3667556.0,57083409.0
2019-03-20,15.61,15.62,15.63,15.14,3593281.0,55466921.0
2019-03-21,15.39,15.97,16.23,15.39,3207982.0,51188444.0
2019-03-22,15.75,16.13,16.13,15.7,2192890.0,34950210.0
2019-03-25,15.87,16.61,16.74,15.86,4305214.0,71113324.0
2019-03-26,16.48,16.42,17.01,16.14,3783829.0,63081829.0
2019-03-27,16.43,15.97,16.43,15.48,5693356.0,90190463.0
2019-03-28,16.13,16.21,16.42,15.84,3510259.0,56643183.0
2019-03-29,16.36,16.77,16.79,16.03,3721950.0,61380107.0
2019-04-01,17.81,18.45,18.45,17.81,11718158.0,215328814.0
2019-04-02,18.84,18.44,18.94,17.95,9668891.0,176743345.0
2019-04-03,18.21,18.26,18.74,17.99,5646135.0,103279981.0
2019-04-04,18.37,18.28,18.44,18.01,3788427.0,68994989.0
2019-04-08,18.29,16.45,18.29,16.45,12561478.0,211909130.0
2019-04-09,15.93,16.6,16.81,15.86,6588672.0,108996485.0
2019-04-10,16.57,16.84,17.06,16.09,5517970.0,91605112.0
2019-04-11,16.92,15.88,17.02,15.62,5272511.0,85213651.0
2019-04-12,15.7,16.11,16.2,15.7,2944272.0,47324922.0
2019-04-15,16.16,16.11,16.41,15.8,4768836.0,76733702.0
2019-04-16,16.08,15.98,16.19,15.43,3108998.0,49038488.0
2019-04-17,15.98,16.02,16.3,15.84,2399163.0,38582970.0
2019-04-18,15.97,15.71,16.19,15.7,1945033.0,30891369.0
2019-04-19,15.78,16.17,16.28,15.78,2782206.0,44834882.0
2019-04-22,16.2,15.89,16.43,15.63,2755012.0,43857202.0
2019-04-23,15.89,14.33,15.89,14.3,8698359.0,127815530.0
2019-04-24,14.53,14.97,15.28,13.67,8676291.0,124698939.0
2019-04-25,14.94,14.8,15.36,14.65,4883452.0,73898203.0
2019-04-26,14.96,14.61,15.27,14.36,3705132.0,55465077.0
2019-04-29,14.79,15.31,15.59,14.69,5067565.0,77642440.0
2019-04-30,14.97,13.95,15.0,13.86,8308833.0,118653116.0
2019-05-06,13.5,13.55,14.46,13.15,6496830.0,89267834.0
2019-05-07,13.67,13.39,14.07,13.21,4137617.0,55962876.0
2019-05-08,13.05,13.56,13.68,13.03,3178090.0,43006104.0
2019-05-09,13.59,13.56,13.81,13.38,2518067.0,34288798.0
2019-05-10,13.61,13.87,14.01,13.39,3540104.0,48830459.0
2019-05-13,13.9,13.74,14.0,13.56,2159721.0,29842774.0
2019-05-14,13.72,13.72,13.92,13.6,2257537.0,31083200.0
2019-05-15,13.65,13.66,13.72,13.47,3651056.0,49653709.0
2019-05-16,13.65,13.73,13.84,13.27,2654491.0,36429417.0
2019-05-17,13.72,13.04,13.72,12.76,3627902.0,47938839.0
2019-05-20,12.92,13.12,13.19,12.82,2466962.0,32235529.0
2019-05-21,13.03,13.21,13.39,12.91,2208338.0,29109113.0
2019-05-22,13.26,14.41,14.44,13.22,6879550.0,95884705.0
2019-05-23,14.22,13.87,14.22,13.5,5206618.0,71227180.0
2019-05-24,13.67,13.38,13.78,13.26,2990871.0,40209220.0
2019-05-27,13.38,13.12,13.49,12.67,5791151.0,75236596.0
2019-05-28,13.07,13.04,13.16,12.89,3068879.0,40026579.0
2019-05-29,12.91,12.95,13.06,12.87,2272622.0,29429878.0
2019-05-30,13.07,12.91,13.13,12.76,2773741.0,35805553.0
2019-05-31,12.87,12.91,13.13,12.81,2819525.0,36526858.0
2019-06-03,12.81,12.91,13.18,12.7,1820400.0,23530987.0
2019-06-04,12.77,12.42,12.81,12.03,4499618.0,55188406.0
2019-06-05,12.29,12.39,12.5,12.26,1940891.0,24020694.0
2019-06-06,12.39,12.39,12.54,12.21,1455760.0,18036709.0
2019-06-10,12.45,12.54,12.59,12.09,1781266.0,22168074.0
2019-06-11,12.54,12.78,12.83,12.54,1885583.0,24008205.0
2019-06-12,12.82,12.74,12.98,12.69,1541767.0,19755279.0
2019-06-13,12.74,12.76,12.81,12.43,1456158.0,18428849.0
2019-06-14,12.78,12.65,12.83,12.52,1280660.0,16201485.0
2019-06-17,12.67,12.25,12.67,11.96,3690737.0,45087960.0
2019-06-18,12.22,12.53,12.65,12.22,2748656.0,34404145.0
2019-06-19,12.91,12.61,13.04,12.6,2535945.0,32461836.0
2019-06-20,12.61,12.85,12.91,12.42,2282321.0,29080432.0
2019-06-21,12.94,12.78,13.17,12.71,3700377.0,47915170.0
2019-06-24,12.93,12.73,13.17,12.68,3765625.0,48448759.0
2019-06-25,12.69,12.68,13.04,12.48,3538230.0,45162617.0
2019-06-26,12.66,12.89,13.0,12.53,2950904.0,37799185.0
2019-06-27,12.97,13.49,13.51,12.75,5152689.0,68024022.0
2019-06-28,13.43,13.14,13.45,13.0,4781574.0,62797464.0
2019-07-01,13.31,13.51,13.64,13.24,5247499.0,70899948.0
2019-07-02,13.51,13.38,13.74,13.34,3475146.0,46876206.0
2019-07-03,13.29,13.3,13.55,12.94,4430728.0,58486928.0
2019-07-04,13.32,13.61,13.8,13.11,4703652.0,63577323.0
2019-07-05,13.51,13.93,14.05,13.38,4862244.0,66987539.0
2019-07-08,13.92,13.73,14.07,13.57,3584583.0,49376822.0
2019-07-09,13.54,13.48,13.89,13.42,2389050.0,32356552.0
2019-07-10,13.51,13.48,13.74,13.35,2156057.0,29194760.0
2019-07-11,13.53,13.55,13.74,13.38,1543010.0,20935346.0
2019-07-12,13.55,13.57,13.72,13.35,2231694.0,30279339.0
2019-07-15,13.49,13.44,13.57,13.09,2533222.0,33822168.0
2019-07-16,13.45,13.15,13.45,12.93,3740636.0,49098496.0
2019-07-17,13.1,13.48,13.65,12.98,3625256.0,48561665.0
2019-07-18,13.38,13.07,13.38,13.0,2671358.0,35076892.0
2019-07-19,13.04,13.22,13.34,13.04,1637537.0,21611841.0
2019-07-22,13.22,13.25,13.41,12.59,2134992.0,28075568.0
2019-07-23,13.14,13.22,13.24,12.87,2459225.0,32142844.0
2019-07-24,13.15,13.34,13.38,13.01,1751776.0,23307114.0
2019-07-25,13.26,13.32,13.43,13.26,1267325.0,16905383.0
2019-07-26,13.37,13.64,13.67,13.29,2456964.0,33362062.0
2019-07-29,13.53,13.56,13.85,13.42,1614803.0,21877404.0
2019-07-30,13.57,13.67,13.7,13.42,1577035.0,21512781.0
2019-07-31,13.53,13.54,13.64,13.39,1509641.0,20387825.0
2019-08-01,13.42,13.43,13.51,13.26,1206692.0,16142961.0
2019-08-02,13.01,13.26,13.34,13.0,1417472.0,18686896.0
2019-08-05,13.31,12.91,13.31,12.85,1426434.0,18609848.0
2019-08-06,12.43,12.5,12.81,12.34,1629268.0,20455580.0
2019-08-07,12.52,12.54,12.75,12.36,1229297.0,15401439.0
2019-08-08,12.58,12.43,12.72,12.4,1052652.0,13200249.0
2019-08-09,12.52,12.03,12.64,11.98,1812869.0,22183878.0
2019-08-12,12.09,12.8,13.0,11.93,2939869.0,37178283.0
2019-08-13,12.8,12.8,12.92,12.56,1687420.0,21445764.0
2019-08-14,12.88,13.08,13.16,12.85,1864387.0,24298627.0
2019-08-15,12.9,13.32,13.44,12.77,2493669.0,32681860.0
2019-08-16,13.63,13.06,13.73,13.03,4063455.0,54017933.0
2019-08-19,12.93,13.29,13.38,12.93,4429445.0,58460735.0
2019-08-20,13.28,13.02,13.28,12.99,3396868.0,44359092.0
2019-08-21,13.02,12.88,13.21,12.85,2775512.0,35944397.0
2019-08-22,12.92,12.69,13.0,12.57,3135966.0,39775311.0
2019-08-23,12.61,12.34,12.7,12.28,4009045.0,49600885.0
2019-08-26,12.06,12.23,12.34,12.02,2120746.0,25863825.0
2019-08-27,12.25,12.45,12.52,12.25,2463889.0,30592274.0
2019-08-28,12.36,12.27,12.46,12.17,3018552.0,37036315.0
2019-08-29,12.24,12.24,12.37,12.21,1876764.0,23026596.0
2019-08-30,12.28,12.11,12.37,12.09,1992678.0,24277046.0
2019-09-02,12.16,12.22,12.24,11.97,1923646.0,23402017.0
2019-09-03,12.24,12.18,12.3,12.12,1924644.0,23471862.0
2019-09-04,12.19,12.26,12.26,12.07,2810680.0,34137982.0
2019-09-05,12.32,12.43,12.55,12.27,4501558.0,55966703.0
2019-09-06,12.5,12.43,12.65,12.33,3915780.0,48876909.0
2019-09-09,12.48,12.45,12.54,12.34,4054324.0,50277862.0
2019-09-10,12.46,12.3,12.46,12.22,4082778.0,50277100.0
2019-09-11,12.4,12.34,12.4,12.21,3973871.0,48887070.0
2019-09-12,12.35,12.33,12.36,12.27,2516708.0,30978626.0
2019-09-16,12.37,12.81,12.91,12.33,8914437.0,112636117.0
2019-09-17,12.83,13.1,13.19,12.66,12129147.0,156929934.0
2019-09-18,13.07,12.94,13.32,12.84,8529723.0,111934402.0
2019-09-19,13.15,13.52,13.83,12.94,9801671.0,130164792.0
2019-09-20,13.48,14.05,14.25,13.4,16867193.0,236240832.0
2019-09-23,14.08,14.11,14.59,13.48,17199731.0,242382937.0
2019-09-24,13.95,13.73,14.37,13.72,10536509.0,147304811.0
2019-09-25,13.85,13.64,14.14,13.54,7737386.0,106949278.0
2019-09-26,13.7,13.15,13.74,13.1,7767126.0,103978086.0
2019-09-27,13.31,13.05,13.34,13.0,4160235.0,54757809.0
2019-09-30,13.03,12.51,13.03,12.41,5580988.0,70698494.0
2019-10-08,12.36,12.54,12.75,12.35,3790632.0,47832135.0
2019-10-09,12.56,13.07,13.07,12.56,4142938.0,53127736.0
2019-10-10,13.0,13.44,13.68,12.84,8637692.0,114397553.0
2019-10-11,13.45,13.04,13.76,13.0,10212384.0,136446649.0
2019-10-14,13.15,13.28,13.53,12.88,9946883.0,132069021.0
2019-10-15,13.21,13.66,13.66,13.04,11752987.0,157927254.0
2019-10-16,13.59,13.5,13.8,13.3,9008118.0,122025866.0
2019-10-17,13.45,13.24,13.68,13.16,5390138.0,72175076.0
2019-10-18,13.24,12.72,13.24,12.66,5504502.0,71030712.0
2019-10-21,12.59,12.31,12.61,12.22,4642309.0,57357641.0
2019-10-22,12.37,12.33,12.41,12.19,3264523.0,40076563.0
2019-10-23,12.35,12.43,12.52,12.19,3448684.0,42599373.0
2019-10-24,12.36,12.28,12.47,12.21,2005824.0,24732123.0
2019-10-25,12.25,12.15,12.28,11.97,3312253.0,40095760.0
2019-10-28,12.17,12.66,12.73,12.17,5042121.0,62885522.0
2019-10-29,12.59,12.75,12.88,12.41,4962486.0,62962131.0
2019-10-30,13.15,13.1,13.23,12.81,8116440.0,105654331.0
2019-10-31,13.0,12.97,13.19,12.77,6023639.0,78414671.0
2019-11-01,12.97,12.86,13.03,12.71,3359489.0,43140657.0
2019-11-04,12.89,13.0,13.15,12.8,3058197.0,39748581.0
2019-11-05,13.0,13.15,13.26,12.85,5525572.0,72400943.0
2019-11-06,13.14,13.26,13.41,13.1,5205284.0,68900055.0
2019-11-07,13.08,13.27,13.44,12.94,4972743.0,65402341.0
2019-11-08,13.26,13.19,13.31,13.09,4016676.0,52935538.0
2019-11-11,13.0,13.03,13.3,12.82,3028063.0,39435385.0
2019-11-12,12.95,13.15,13.3,12.95,3857073.0,50735145.0
2019-11-13,13.15,13.26,13.26,13.0,4278034.0,56340248.0
2019-11-14,13.25,13.05,13.31,13.04,3050290.0,40043106.0
2019-11-15,13.13,13.2,13.22,12.95,4160848.0,54554728.0
2019-11-18,13.2,13.28,13.35,13.0,4542363.0,60059679.0
2019-11-19,13.31,13.61,13.64,13.23,6879814.0,92973064.0
2019-11-20,13.6,13.68,13.74,13.4,5518812.0,74888198.0
2019-11-21,13.57,13.98,14.19,13.53,8312419.0,116185050.0
2019-11-22,14.03,13.87,14.03,13.65,5518597.0,76265478.0
2019-11-25,13.85,13.86,14.2,13.54,5267719.0,72880131.0
2019-11-26,13.85,14.11,14.19,13.73,6144118.0,86306776.0
2019-11-27,14.01,14.19,14.25,13.98,5039365.0,71182751.0
2019-11-28,14.21,14.18,14.3,13.96,3689062.0,52248046.0
2019-11-29,14.17,13.82,14.17,13.72,5288946.0,73389475.0
2019-12-02,13.57,13.62,13.74,13.19,5642629.0,76092045.0
2019-12-03,13.68,13.7,13.73,13.4,2678594.0,36359855.0
2019-12-04,13.59,14.33,14.43,13.54,7163559.0,101681745.0
2019-12-05,14.27,14.54,14.62,14.18,6577441.0,95254422.0
2019-12-06,14.28,15.0,15.03,14.28,7158403.0,105449544.0
2019-12-09,14.9,15.05,15.23,14.78,6607514.0,99224795.0
2019-12-10,15.13,15.57,15.82,14.94,10865053.0,166775136.0
2019-12-11,15.86,15.2,15.86,15.13,7122679.0,109531892.0
2019-12-12,15.21,14.75,15.25,14.7,6977382.0,103828320.0
2019-12-13,14.82,15.25,15.57,14.82,8259310.0,126101538.0
2019-12-16,15.34,15.2,15.38,15.03,6047984.0,92070098.0
2019-12-17,15.11,15.13,15.32,15.02,5931753.0,89802731.0
2019-12-18,15.2,14.9,15.23,14.72,8676946.0,129165772.0
2019-12-19,14.87,15.04,15.04,14.68,5870036.0,87137472.0
2019-12-20,15.0,15.07,15.51,14.88,8247005.0,125810111.0
2019-12-23,15.07,15.23,15.37,14.69,7583015.0,114476316.0
2019-12-24,15.28,16.02,16.11,15.05,12442824.0,195644197.0
2019-12-25,16.11,15.79,16.12,15.73,6006364.0,95304375.0
2019-12-26,15.75,16.17,16.2,15.57,6988352.0,111050997.0
2019-12-27,16.1,15.6,16.47,15.48,7862328.0,124596761.0
2019-12-30,15.48,15.89,16.03,15.35,4140307.0,65364888.5
2019-12-31,15.78,16.05,16.15,15.74,3568205.0,56919078.76
2020-01-02,16.05,16.8,17.08,16.05,7026844.0,117641872.4
2020-01-03,16.81,17.02,17.06,16.63,4062794.0,68518284.56
2020-01-06,17.0,17.04,17.41,16.87,5039274.0,86375168.62
2020-01-07,17.15,17.81,18.23,16.95,6741053.0,120019406.22
2020-01-08,17.67,17.73,18.02,17.52,5566738.0,98999578.14
2020-01-09,17.61,18.08,18.13,17.52,5739730.0,102414649.77
2020-01-10,18.09,17.77,18.09,17.23,6506012.0,114667661.62
2020-01-13,17.48,17.91,18.09,17.34,4403847.0,78402845.21
2020-01-14,18.01,18.51,18.93,17.84,7586394.0,140659699.6
2020-01-15,18.51,18.51,18.7,17.84,7123018.0,129760939.91
2020-01-16,18.4,18.34,18.85,18.08,6449674.0,118580562.25
2020-01-17,18.36,19.0,19.45,18.36,6974328.0,132775729.26
2020-01-20,18.97,19.31,19.42,18.64,4915555.0,93581991.92
2020-01-21,19.04,18.66,19.14,18.49,4674540.0,87721805.66
2020-01-22,18.6,18.35,18.75,17.75,7465144.0,136762537.05
2020-01-23,18.04,17.8,18.41,17.27,8334317.0,148556978.84
2020-02-03,16.02,16.02,16.26,16.02,6016054.0,96435663.42
2020-02-04,15.89,16.53,17.09,15.89,8084095.0,133115971.88
2020-02-05,16.55,16.91,17.38,16.55,8769968.0,148611184.05
2020-02-06,16.98,17.19,17.22,16.58,7505039.0,126951175.46
2020-02-07,17.11,16.87,17.11,16.46,7301881.0,122185222.8
2020-02-10,16.87,17.72,17.8,16.63,7694722.0,132061473.82
2020-02-11,17.5,17.98,18.32,17.33,5702589.0,101902985.98
2020-02-12,17.9,17.88,18.12,17.61,4059393.0,72436845.88
2020-02-13,17.86,17.28,18.12,17.02,5900153.0,103087687.86
2020-02-14,17.38,17.61,17.85,17.11,4179131.0,73310966.62
2020-02-17,17.66,18.57,18.71,17.53,6299597.0,115774279.05
2020-02-18,18.66,20.42,20.42,18.58,9544881.0,188157076.08
2020-02-19,20.67,20.35,20.8,19.97,7294413.0,149319096.8
2020-02-20,20.2,21.14,21.28,20.2,5848219.0,122368422.37
2020-02-21,20.92,20.9,21.41,20.52,6839830.0,142794266.24
2020-02-24,20.9,22.52,22.89,20.64,8703216.0,191470750.95
2020-02-25,21.8,23.64,23.9,21.7,11527599.0,266197544.44
2020-02-26,23.0,22.76,23.71,22.06,8281656.0,188628301.12
2020-02-27,22.82,22.47,23.22,20.98,8865796.0,196771295.5
2020-02-28,21.25,20.22,21.81,20.22,10298363.0,215129442.71
2020-03-02,20.13,20.75,21.11,19.14,14644251.0,294572420.92
2020-03-03,21.12,20.83,21.56,20.21,9161393.0,192901254.14
2020-03-04,20.14,20.19,20.94,19.85,9300338.0,188790921.57
2020-03-05,20.45,21.08,21.28,20.05,9044593.0,188462682.77
2020-03-06,20.74,20.67,21.43,20.56,5517977.0,115031855.83
2020-03-09,19.88,18.9,20.52,18.61,10431828.0,201273036.01
2020-03-10,18.57,19.37,19.6,18.01,8198282.0,155093185.03
2020-03-11,19.47,18.8,19.73,18.8,6285857.0,120577257.62
2020-03-12,18.61,18.92,19.21,18.08,7956960.0,147316948.07
2020-03-13,17.86,17.31,17.86,17.03,12697795.0,218638119.7
2020-03-16,17.36,15.57,17.48,15.57,9715046.0,160393663.26
2020-03-17,15.73,15.34,16.11,14.9,8605563.0,132416863.22
2020-03-18,15.63,15.22,16.1,15.1,8706996.0,136485274.51
2020-03-19,15.2,15.21,15.44,14.6,8934270.0,134527092.68
2020-03-20,15.44,15.13,15.67,14.82,6535895.0,99019041.34
2020-03-23,14.52,13.95,14.56,13.87,7608676.0,108147054.65
2020-03-24,14.37,13.92,14.37,13.45,6494386.0,90170729.1
2020-03-25,14.27,14.56,15.05,14.18,9822171.0,144355343.22
2020-03-26,14.75,14.27,14.75,14.14,5687079.0,81908951.05
2020-03-27,14.69,14.17,14.97,14.0,8209142.0,118184429.4
2020-03-30,14.06,13.68,14.06,13.14,8666756.0,117389956.6
2020-03-31,13.8,13.55,14.01,13.35,5273073.0,72098278.72
2020-04-01,13.54,12.99,13.81,12.83,16546967.0,218489679.3
2020-04-02,13.13,13.49,13.52,13.01,15001613.0,198766535.96
2020-04-03,13.61,13.11,13.62,13.0,9538429.0,126001712.14
2020-04-07,13.35,13.92,14.05,13.35,15256926.0,210174626.04
2020-04-08,13.82,13.55,13.87,13.44,11016173.0,149274244.02
2020-04-09,13.69,13.56,13.82,13.44,9358324.0,126834175.91
2020-04-10,13.56,13.13,13.65,13.07,9049886.0,120167893.05
2020-04-13,13.08,13.16,13.33,12.74,7543220.0,98809392.63
2020-04-14,13.16,13.39,13.44,13.04,6152817.0,81508038.73
2020-04-15,13.51,14.37,14.63,13.51,19610614.0,278214154.55
2020-04-16,14.2,13.99,14.33,13.95,9812026.0,138264620.46
2020-04-17,14.37,14.97,15.01,14.14,16434732.0,242890117.2
2020-04-20,14.73,15.49,15.98,14.73,14194311.0,219875795.33
2020-04-21,15.39,15.18,15.46,14.97,8800119.0,133845781.32
2020-04-22,15.17,15.31,15.41,14.91,6278007.0,95076955.53
2020-04-23,15.23,14.98,15.51,14.94,6279575.0,94452314.6
2020-04-24,14.97,14.67,14.99,14.56,4624042.0,68116642.68
2020-04-27,14.67,14.99,15.35,14.46,5681892.0,85424646.07
2020-04-28,15.05,15.0,15.31,14.45,5545380.0,82857849.38
2020-04-29,15.49,15.66,15.79,14.78,12731802.0,196111058.37
2020-04-30,15.84,17.22,17.22,15.67,11143127.0,186880128.79
2020-05-06,16.63,17.4,17.86,16.6,11009477.0,190682764.17
2020-05-07,17.25,16.55,17.44,16.49,10213030.0,172097727.6
2020-05-08,16.6,16.9,17.06,16.53,6306748.0,105919190.48
2020-05-11,17.11,17.19,17.47,16.9,5869065.0,100572367.56
2020-05-12,17.19,18.33,18.61,17.03,13008445.0,235754414.06
2020-05-13,18.3,18.47,18.71,17.97,6912177.0,127115506.35
2020-05-14,18.39,17.67,18.39,17.63,7891207.0,141125140.85
2020-05-15,17.7,17.76,17.88,17.35,5857765.0,102848150.39
2020-05-18,17.82,17.34,17.85,17.27,4311857.0,75609172.96
2020-05-19,17.69,18.48,18.62,17.49,9648794.0,176069002.45
2020-05-20,18.47,18.54,18.91,18.3,6707806.0,125017979.1
2020-05-21,18.52,18.36,18.82,18.07,6406625.0,117673616.85
2020-05-22,18.71,17.67,18.77,17.47,6307788.0,112640025.6
2020-05-25,17.79,17.95,18.33,17.53,5436249.0,98200667.29
2020-05-26,18.2,18.51,18.99,17.98,7252551.0,134298824.58
2020-05-27,18.96,19.15,19.83,18.74,9336162.0,180168189.66
2020-05-28,19.42,19.05,19.75,18.62,7452849.0,142471215.46
2020-05-29,18.96,19.14,19.29,18.77,4349043.0,82722556.42
2020-06-01,19.2,19.54,19.72,19.11,5708543.0,110821229.12
2020-06-02,19.54,18.99,19.57,18.62,6219398.0,118395690.03
2020-06-03,19.09,18.99,19.27,18.74,4144318.0,79108040.41
2020-06-04,19.12,19.03,19.32,18.76,3035023.0,57659045.13
2020-06-05,18.96,18.99,19.09,18.54,4964782.0,93652586.67
2020-06-08,19.0,19.29,19.38,18.63,4212515.0,80519806.16
2020-06-09,19.44,20.19,20.74,19.15,8870363.0,178822001.3
2020-06-10,20.14,20.14,20.33,19.88,4035416.0,80989546.74
2020-06-11,19.99,19.44,20.18,19.21,6275636.0,123054232.56
2020-06-12,18.41,19.04,19.21,18.36,8195178.0,153898363.29
2020-06-15,18.8,17.89,18.86,17.79,10335211.0,188128132.64
2020-06-16,18.26,19.27,19.5,18.26,12016443.0,227532479.62
2020-06-17,19.27,18.87,19.38,18.52,7257961.0,136173963.17
2020-06-18,19.0,18.36,19.0,18.15,6034620.0,110971031.74
2020-06-19,18.39,18.36,18.89,18.17,6321099.0,116420617.33
2020-06-22,18.41,18.57,18.7,18.17,4624331.0,85566908.68
2020-06-23,18.77,18.67,18.77,18.26,4207813.0,78046385.22
2020-06-24,18.62,18.67,19.43,18.17,9225772.0,171953663.3
2020-06-29,18.29,17.8,18.61,17.48,9798660.0,173986886.37
2020-06-30,17.94,17.88,18.23,17.69,5819802.0,104320347.58
2020-07-01,17.98,18.05,18.3,17.86,7148035.0,129208009.8
2020-07-02,18.06,18.48,18.83,17.79,8367339.0,154777830.44
2020-07-03,18.58,18.45,18.6,17.99,6968759.0,127295330.26
2020-07-06,18.68,18.55,18.92,18.36,13525738.0,251138906.53
2020-07-07,18.73,19.46,20.07,18.47,15585001.0,298259637.42
2020-07-08,19.38,19.47,19.64,19.21,11282002.0,219277274.81
2020-07-09,19.47,19.91,19.91,19.23,11494690.0,225617014.34
2020-07-10,19.84,19.0,19.9,19.0,8986866.0,174850475.43
2020-07-13,19.0,19.66,19.67,18.85,11007127.0,213013109.02
2020-07-14,19.81,19.62,20.04,19.12,10685920.0,209340008.11
2020-07-15,19.66,20.01,20.14,19.46,13417137.0,266371053.9
2020-07-16,20.04,18.24,20.04,18.01,15055381.0,285439240.95
2020-07-17,18.09,18.01,18.15,17.25,7918146.0,139562449.2
2020-07-20,18.05,18.29,18.3,17.72,5772399.0,104674396.17
2020-07-21,18.25,19.91,20.13,18.24,23080369.0,452023420.11
2020-07-22,19.75,20.13,20.88,19.62,19215587.0,389736547.48
2020-07-23,20.19,20.39,20.73,19.88,14001643.0,284401059.99
2020-07-24,20.48,18.43,20.51,18.38,14005860.0,270048014.02
2020-07-27,18.17,17.21,18.99,17.08,13748874.0,243180630.68
2020-07-28,17.32,17.5,17.8,17.25,6351101.0,111142895.84
2020-07-29,17.41,18.55,18.61,17.41,8318817.0,150756897.42
2020-07-30,18.85,18.0,18.9,17.86,8453344.0,153765820.67
2020-07-31,17.91,18.44,18.49,17.76,7382141.0,134545433.73
2020-08-03,18.74,18.57,18.74,18.24,7970508.0,147222479.15
2020-08-04,18.57,18.59,19.07,18.36,5990793.0,111978033.79
2020-08-05,18.68,19.19,19.42,18.42,7840946.0,149131538.11
2020-08-06,19.25,19.15,19.37,18.62,7784069.0,148674632.65
2020-08-07,19.07,18.85,19.57,18.53,6814249.0,129839876.58
2020-08-10,18.77,20.19,20.47,18.71,14672805.0,290620395.23
2020-08-11,20.51,19.33,20.51,19.26,9905455.0,197093119.96
2020-08-12,19.15,18.74,19.85,18.33,8508394.0,160558147.76
2020-08-13,19.01,18.9,19.19,18.71,5038103.0,95318503.86
2020-08-14,18.83,19.72,20.07,18.69,8374339.0,162893078.26
2020-08-17,19.69,21.7,21.7,19.67,18037399.0,382516096.33
2020-08-18,21.7,22.29,22.64,21.7,19040256.0,422131645.81
2020-08-19,22.85,22.8,23.8,22.44,16894510.0,390977620.83
2020-08-20,23.42,23.3,24.23,22.8,12384820.0,290674346.69
2020-08-21,23.16,23.46,24.0,22.97,8228063.0,192931133.71
2020-08-24,23.6,25.23,25.74,23.6,12964129.0,322074610.28
2020-08-25,25.83,25.11,26.04,24.63,7713729.0,195028851.9
2020-08-26,25.2,25.92,26.74,25.14,9294534.0,242286787.97
2020-08-27,25.92,25.26,26.05,24.63,8876541.0,224113763.91
2020-08-28,25.29,25.34,25.55,24.32,7917702.0,198163994.81
2020-08-31,25.51,25.92,26.9,25.08,9705874.0,254099935.55
2020-09-01,25.92,25.85,26.38,24.93,7586767.0,192996475.12
2020-09-02,25.84,24.85,26.45,24.69,8917890.0,225903200.8
2020-09-03,24.93,24.2,25.17,23.88,9028520.0,219987439.58
2020-09-04,23.73,23.94,24.12,23.18,6947079.0,164274828.04
2020-09-07,23.94,22.44,23.94,22.42,8208514.0,189196192.44
2020-09-08,22.8,22.04,22.86,21.91,7613646.0,169166710.7
2020-09-09,21.82,20.79,22.04,20.52,7116694.0,151751333.96
2020-09-10,21.2,20.96,21.78,20.91,8227847.0,175251966.03
2020-09-11,21.27,21.6,21.91,20.98,5976742.0,128900253.01
2020-09-14,21.89,22.06,22.95,21.61,10631978.0,233789788.87
2020-09-15,22.18,22.71,23.06,21.81,7566464.0,170117607.19
2020-09-16,22.65,23.0,23.11,22.5,4171149.0,95238795.7
2020-09-17,22.98,22.62,22.98,22.16,5216004.0,117563287.0
2020-09-18,22.79,22.95,23.16,22.5,7482969.0,171211845.7
2020-09-21,23.08,23.01,23.38,22.29,6537877.0,149784579.94
2020-09-22,22.67,22.44,22.95,22.24,4767672.0,107661231.48
2020-09-23,22.42,22.47,22.78,22.2,3531509.0,79430701.8
2020-09-24,22.47,21.51,22.47,21.28,7290280.0,157887370.35
2020-09-25,21.74,21.59,22.1,21.34,5585705.0,120633285.1
2020-09-28,21.66,21.28,21.8,21.05,3662903.0,78429555.87
2020-09-29,21.51,21.01,21.53,20.86,3346868.0,70782568.9
2020-09-30,21.07,20.67,21.18,20.54,3243706.0,67503793.8
2020-10-09,21.12,21.87,22.05,20.9,4154332.0,89629559.35
2020-10-12,22.09,21.8,22.82,21.46,8385329.0,183884911.94
2020-10-13,21.78,21.64,21.8,21.17,4290731.0,91645955.58
2020-10-14,21.56,21.37,21.66,20.9,5380552.0,114444472.0
2020-10-15,21.28,21.64,21.97,21.27,4683683.0,101452167.38
2020-10-16,21.48,21.98,22.31,21.28,5729942.0,125612543.85
2020-10-19,22.33,22.49,23.17,21.91,10068333.0,228345448.84
2020-10-20,22.61,24.02,24.54,22.28,12663274.0,300107458.49
2020-10-21,24.4,24.16,24.78,23.93,7204164.0,174896949.23
2020-10-22,24.42,24.25,24.53,23.17,9028312.0,216414968.61
2020-10-23,24.25,23.8,24.36,23.41,6942606.0,165667602.54
2020-10-26,23.47,23.03,23.47,22.42,8031940.0,184141983.26
2020-10-27,24.16,23.6,24.46,23.0,15441840.0,365414111.64
2020-10-28,24.0,23.16,24.17,22.35,13211755.0,304266479.06
2020-10-29,22.76,24.19,24.63,22.57,9159531.0,215685649.18
2020-10-30,24.24,24.78,25.75,23.96,10459066.0,259896536.93
2020-11-02,25.12,25.43,26.14,24.85,10649028.0,272514913.33
2020-11-03,25.93,25.64,25.93,24.93,5745300.0,145927237.89
2020-11-04,25.66,25.66,25.84,24.91,6444901.0,163452450.56
2020-11-05,26.15,28.02,28.23,25.93,11020266.0,300543565.7
2020-11-06,27.91,27.55,28.43,26.98,5798720.0,159321323.48
2020-11-09,28.05,28.75,29.85,27.36,9180658.0,262425167.31
2020-11-10,28.73,27.56,28.73,25.95,13112851.0,352946748.64
2020-11-11,27.13,27.13,28.03,26.88,6268364.0,172081032.27
2020-11-12,27.23,29.03,29.03,27.23,7976528.0,225913518.18
2020-11-13,29.07,29.26,29.6,28.27,5735483.0,166836452.58
2020-11-16,29.15,27.41,29.46,27.29,8608591.0,240746345.08
2020-11-17,27.36,26.4,27.36,24.95,16316426.0,419722125.34
2020-11-18,25.92,26.06,26.51,25.51,6866184.0,178931821.2
2020-11-19,26.11,26.31,27.0,26.06,5992804.0,158693318.94
2020-11-20,26.59,26.6,26.73,25.6,6591343.0,172261103.74
2020-11-23,26.6,26.37,26.66,25.7,6665189.0,174411958.13
2020-11-24,26.27,26.62,26.68,25.85,5158875.0,135300689.15
2020-11-25,26.45,25.56,26.53,25.44,5235901.0,135326285.71
2020-11-26,25.84,25.17,25.98,24.82,4128437.0,104188272.3
2020-11-27,25.17,25.2,25.42,24.78,3080597.0,77009890.45
2020-11-30,25.38,25.26,25.6,24.51,4568051.0,114705625.16
2020-12-01,25.13,25.74,26.4,25.08,6129019.0,157853687.76
2020-12-02,26.12,26.08,26.64,25.65,5026719.0,130861825.62
2020-12-03,25.84,25.01,25.87,24.92,6531896.0,165040531.77
2020-12-04,25.44,25.58,25.62,25.01,3274997.0,83095142.08
2020-12-07,25.74,25.5,26.02,25.36,4207172.0,107961046.63
2020-12-08,25.36,25.17,25.88,25.14,4059663.0,103106775.71
2020-12-09,25.24,24.76,25.62,24.75,5073139.0,127718036.1
2020-12-10,24.64,24.79,25.06,24.44,2902975.0,71899143.96
2020-12-11,24.66,24.09,25.0,23.94,4777383.0,116475902.03
2020-12-14,24.14,25.22,25.27,23.87,4881804.0,120885179.47
2020-12-15,25.22,25.39,25.52,24.65,4296677.0,107719548.98
2020-12-16,25.17,25.24,25.71,25.09,3761277.0,95638309.83
2020-12-17,25.07,24.7,25.29,24.48,5191921.0,128442888.94
2020-12-18,24.37,24.03,24.63,23.96,5523829.0,133851291.96
2020-12-21,24.02,24.63,24.84,23.37,7154504.0,173011428.81
2020-12-22,24.54,23.31,24.85,23.17,7549757.0,179640540.45
2020-12-23,23.49,23.27,23.54,22.48,7713264.0,177078170.32
2020-12-24,23.32,23.54,24.06,23.2,5416875.0,128069084.24
2020-12-25,23.56,24.06,24.47,22.89,5020273.0,119108355.44
2020-12-28,23.98,25.23,25.32,23.93,9474046.0,236070401.83
2020-12-29,25.44,24.87,25.99,24.38,9543726.0,240334382.83
2020-12-30,24.93,25.31,25.83,24.78,9442461.0,239240279.46
2020-12-31,25.42,24.64,25.79,24.23,10837832.0,268609670.15
2021-01-04,24.55,26.18,26.22,24.54,14277944.0,366926792.36
2021-01-05,26.3,28.54,28.81,25.97,16614458.0,458136116.52
2021-01-06,28.5,27.39,28.5,27.31,10119254.0,280246945.1
2021-01-07,27.11,26.57,27.36,26.01,9273132.0,246457174.56
2021-01-08,26.83,26.86,26.98,25.89,9421567.0,249170224.1
2021-01-11,26.93,25.87,27.06,25.69,8032377.0,210239818.89
2021-01-12,25.49,26.33,26.66,25.46,6029515.0,157483861.45
2021-01-13,26.28,27.4,27.43,25.53,9589877.0,254959937.74
2021-01-14,27.09,27.35,28.27,26.75,8482739.0,233439073.53
2021-01-15,27.29,27.67,28.18,26.97,5681031.0,156925478.58
2021-01-18,27.74,29.77,30.4,27.57,10922367.0,321483791.71
2021-01-19,29.64,30.52,31.09,29.32,9087842.0,275467238.56
2021-01-20,30.31,30.52,30.79,29.87,7011589.0,213225821.39
2021-01-21,30.4,31.17,31.62,30.16,5695850.0,177158089.82
2021-01-22,31.16,31.22,31.46,30.39,5691733.0,175796957.16
2021-01-25,31.29,31.22,31.54,30.31,7133203.0,220071729.69
2021-01-26,30.89,31.85,32.07,30.67,5965405.0,188379291.44
2021-01-27,31.85,31.85,33.82,31.35,9144617.0,295565706.32
2021-01-28,31.16,30.17,31.54,29.79,11706636.0,358842363.04
2021-01-29,30.52,29.26,30.97,28.8,10459678.0,312330381.06
2021-02-01,29.38,30.29,31.01,29.26,7367929.0,222701866.22
2021-02-02,31.21,32.72,32.76,30.82,8365060.0,268062504.9
2021-02-03,32.72,32.61,34.04,32.0,7884938.0,260002672.75
2021-02-04,32.69,35.02,35.72,32.2,10862404.0,368763039.89
2021-02-05,34.78,33.94,35.24,33.45,6986614.0,238414962.34
2021-02-08,33.3,34.13,34.7,32.91,6094735.0,205991982.02
2021-02-09,34.04,34.42,36.02,33.46,6146257.0,213400176.11
2021-02-10,34.25,36.24,37.15,34.2,7196846.0,257770912.9
2021-02-18,37.04,35.68,37.21,34.7,6856961.0,244700654.92
2021-02-19,35.59,34.67,35.94,33.66,6914777.0,238739208.2
2021-02-22,34.79,33.56,34.79,33.19,5920723.0,200573710.5
2021-02-23,33.01,32.77,33.79,32.68,4359050.0,144588829.26
2021-02-24,32.8,30.56,33.24,30.43,10521195.0,329296575.18
2021-02-25,31.11,29.63,31.3,29.49,9281418.0,279118617.85
2021-02-26,29.23,28.78,29.79,28.54,7295434.0,211316116.05
2021-03-01,29.22,29.3,30.11,28.87,5968951.0,175231907.48
2021-03-02,29.6,29.87,30.76,29.1,6767045.0,202746306.38
2021-03-03,29.65,31.27,31.41,29.29,7459437.0,229158865.92
2021-03-04,31.62,29.35,31.67,28.73,10479225.0,316466434.32
2021-03-05,28.46,28.01,29.26,27.38,10312256.0,289796409.27
2021-03-08,28.34,27.74,28.94,27.71,6395133.0,180843467.57
2021-03-09,27.78,27.83,28.46,27.22,5288102.0,148198697.56
2021-03-10,28.31,28.11,28.88,27.97,4083779.0,115985191.82
2021-03-11,28.2,28.2,28.61,27.6,4152970.0,117143794.38
2021-03-12,28.53,28.27,28.54,28.02,3259702.0,92331455.91
2021-03-15,28.18,28.89,29.06,27.67,5252382.0,150173099.39
2021-03-16,28.89,29.13,29.22,28.5,3355254.0,96904322.27
2021-03-17,29.13,29.08,29.22,28.52,2845365.0,82322962.68
2021-03-18,28.88,29.57,29.63,28.81,3394969.0,99468941.61
2021-03-19,29.22,28.35,29.31,27.75,5712688.0,163082950.58
2021-03-22,28.35,28.71,28.81,28.05,4761906.0,135272477.8
2021-03-23,28.77,25.83,28.96,25.83,11999856.0,321380312.68
2021-03-24,25.84,25.21,25.84,24.55,15454788.0,387887459.7
2021-03-25,24.93,24.57,25.34,24.44,4778920.0,118777403.13
2021-03-26,24.76,25.58,26.21,24.76,5389952.0,138049751.32
2021-03-29,25.58,26.31,26.59,25.58,4843088.0,127084896.86
2021-03-30,26.02,26.05,26.4,25.66,3045716.0,79098165.04
2021-03-31,26.06,25.77,26.15,25.26,3910422.0,100236576.76
2021-04-01,25.98,26.28,26.34,25.29,4145669.0,107280270.1
2021-04-02,26.3,25.93,26.36,25.75,3099968.0,80546761.51
2021-04-06,25.77,26.18,26.28,25.5,2445254.0,63692794.18
2021-04-07,26.18,26.3,26.82,25.83,4315629.0,113062901.47
2021-04-08,26.17,27.34,27.96,26.0,6831180.0,186308826.51
2021-04-09,27.22,27.99,28.28,27.12,6419527.0,178653947.46
2021-04-12,28.27,26.69,28.27,26.41,5181019.0,139957765.27
2021-04-13,26.3,24.82,26.69,24.66,10091135.0,255688154.04
2021-04-14,24.65,24.27,25.16,23.94,9003259.0,219537608.7
2021-04-15,24.09,24.22,24.23,23.09,8298678.0,196302418.63
2021-04-16,24.22,23.71,24.22,23.64,4823063.0,115089621.14
2021-04-19,23.85,23.71,23.93,23.33,7284597.0,171722523.08
2021-04-20,23.58,23.73,24.16,23.41,6455951.0,154104085.52
2021-04-21,23.66,24.4,24.63,23.05,8835805.0,212462178.6
2021-04-22,24.4,24.07,24.46,23.49,6453772.0,154682256.85
2021-04-23,24.02,23.93,24.23,23.79,2629298.0,63098345.48
2021-04-26,23.94,23.57,24.46,23.56,4931448.0,117997996.2
2021-04-27,23.56,23.56,23.84,23.26,3382604.0,79723982.65
2021-04-28,23.74,24.54,24.61,23.58,5953614.0,143650631.57
2021-04-29,24.49,24.38,25.0,23.94,6391810.0,156101006.64
2021-04-30,21.94,21.94,22.33,21.94,13289744.0,291966549.68
2021-05-06,21.11,21.72,22.41,20.75,11727014.0,253827435.53
2021-05-07,21.69,22.39,23.29,21.55,7734013.0,175112451.6
2021-05-10,22.41,21.16,22.75,20.91,8501754.0,183192614.63
2021-05-11,21.59,21.8,22.25,20.87,8395426.0,180753223.44
2021-05-12,21.75,22.07,22.32,21.36,4682537.0,102301809.77
2021-05-13,21.94,22.03,22.44,21.51,3780247.0,83062683.32
2021-05-14,22.22,21.91,22.22,21.56,3956677.0,86230702.95
2021-05-17,21.94,21.28,22.04,21.16,6608903.0,142012583.35
2021-05-18,21.59,21.11,21.69,21.05,5486405.0,117272317.3
2021-05-19,21.43,20.74,21.43,20.64,4602378.0,95796446.72
2021-05-20,20.74,21.02,21.32,20.29,5704418.0,119336294.8
2021-05-21,20.99,20.9,21.21,20.75,2387419.0,50115662.47
2021-05-24,20.91,21.21,21.25,20.58,2976094.0,62222985.03
2021-05-25,21.14,21.28,21.85,20.85,4357316.0,93080884.43
2021-05-26,21.37,21.08,21.51,21.07,2638044.0,55902069.0
2021-05-27,21.24,21.24,21.4,21.05,3741355.0,79505028.55
2021-05-28,21.22,21.24,22.16,21.22,7594653.0,164702360.11
2021-05-31,21.43,21.32,21.47,21.02,4084875.0,86679336.5
2021-06-01,21.36,21.89,22.22,20.9,10247512.0,220346658.26
2021-06-02,21.87,22.26,23.03,21.87,12271105.0,277597822.78
2021-06-03,22.44,22.6,23.17,22.19,9633903.0,218909296.64
2021-06-04,22.57,23.24,23.26,22.35,6638087.0,152932173.16
2021-06-07,23.29,23.96,24.04,22.81,8092349.0,191392442.97
2021-06-08,24.03,23.64,24.28,23.55,5131957.0,122409722.9
2021-06-09,23.64,23.33,23.91,23.03,4349350.0,101728476.15
2021-06-10,23.23,23.47,23.61,23.07,3213700.0,75001208.29
2021-06-11,23.49,22.94,23.87,22.92,3873636.0,90667057.6
2021-06-15,22.94,23.11,23.44,22.94,3196425.0,74276275.41
2021-06-16,23.18,23.14,23.93,23.08,5388119.0,126796165.05
2021-06-17,22.73,23.11,23.54,22.72,3739801.0,86666986.52
2021-06-18,23.0,23.41,23.57,22.73,2714175.0,63078065.7
2021-06-21,23.41,24.32,24.35,23.18,5876338.0,141209498.19
2021-06-22,24.38,24.92,25.01,24.38,5003879.0,123844823.53
2021-06-23,24.85,24.25,25.11,24.17,4906207.0,120069107.27
2021-06-24,24.35,24.22,24.68,23.83,3349630.0,80978899.24
2021-06-25,24.25,23.83,24.47,23.6,3630920.0,86889775.5
2021-06-28,23.93,24.99,25.5,23.6,6355771.0,156820975.52
2021-06-29,25.06,23.74,25.07,23.61,5686322.0,137659645.43
2021-06-30,23.81,22.84,24.17,22.73,6195104.0,144047719.48
2021-07-01,22.8,23.62,24.24,22.03,7588757.0,175789874.78
2021-07-02,23.5,23.05,24.05,22.8,3965998.0,92814319.24
2021-07-05,22.85,22.51,23.47,22.14,3949282.0,88926337.95
2021-07-06,22.52,22.13,22.69,21.65,4332468.0,95574535.72
2021-07-07,21.95,21.92,22.23,21.79,4450868.0,97700259.81
2021-07-08,22.12,21.99,22.41,21.93,4243437.0,93993361.12
2021-07-09,21.98,21.46,21.98,21.36,4506382.0,97527371.26
2021-07-12,21.37,21.56,21.81,21.04,5872608.0,125894177.53
2021-07-13,21.55,22.08,22.1,21.11,4447379.0,96555227.05
2021-07-14,22.25,22.2,22.93,21.6,6310867.0,141170960.88
2021-07-15,21.7,22.01,22.19,21.28,4775242.0,103746024.1
2021-07-16,22.16,22.19,22.85,22.03,4350682.0,97357049.0
2021-07-19,22.19,22.16,22.71,22.06,3644601.0,81263564.54
2021-07-20,21.85,21.54,22.17,21.42,4140999.0,89467217.92
2021-07-21,21.42,20.91,21.97,20.62,7082140.0,149060599.23
2021-07-22,20.89,19.47,20.91,19.2,10730459.0,212176509.73
2021-07-23,19.2,18.24,19.2,18.12,12676470.0,233068164.84
2021-07-26,18.0,18.12,18.78,17.88,7102444.0,129552930.5
2021-07-27,18.0,18.12,18.55,17.93,4628738.0,84647756.13
2021-07-28,18.12,17.43,18.12,17.0,6005690.0,105340538.05
2021-07-29,17.57,17.2,17.85,17.11,4280767.0,74299259.51
2021-07-30,17.01,16.97,17.34,16.63,5880715.0,99503970.32
2021-08-02,16.87,17.52,17.71,16.69,5063162.0,87179918.66
2021-08-03,17.45,17.48,17.81,17.36,3338145.0,58609202.49
2021-08-04,17.41,17.23,17.61,17.14,3818439.0,66027067.42
2021-08-05,17.19,16.71,17.29,16.7,3770001.0,63830480.01
2021-08-06,16.7,16.09,16.78,16.03,6654958.0,107763615.7
2021-08-09,16.04,17.7,17.7,15.97,7556458.0,130041279.78
2021-08-10,17.9,18.29,18.63,17.7,10144860.0,184612211.22
2021-08-11,18.21,18.28,18.44,17.8,4858889.0,88173031.71
2021-08-12,17.99,18.12,18.5,17.99,3608781.0,65588370.87
2021-08-13,17.92,18.03,18.2,17.63,4713443.0,84416366.81
2021-08-16,18.08,17.99,18.1,17.66,3588407.0,64168031.88
2021-08-17,17.99,17.51,18.39,17.44,4816862.0,85943617.48
2021-08-18,17.51,16.91,17.69,16.65,7376695.0,124717552.27
2021-08-19,17.07,16.89,17.78,16.71,8319641.0,143269043.3
2021-08-20,16.89,16.59,17.11,16.27,4911417.0,81122546.34
2021-08-23,16.62,16.91,17.06,16.47,3310113.0,55759972.18
2021-08-24,16.94,16.93,17.25,16.86,3038726.0,51681567.36
2021-08-25,16.93,17.01,17.2,16.69,2510730.0,42666065.55
2021-08-26,17.02,16.8,17.3,16.7,3570700.0,60514296.43
2021-08-27,16.77,16.43,16.79,16.36,3374690.0,55682545.1
2021-08-30,15.4,16.22,16.81,15.04,6656207.0,107336120.5
2021-08-31,16.16,16.12,16.88,16.05,4300462.0,70183256.77
2021-09-01,16.15,15.88,16.27,15.55,4630255.0,73357230.9
2021-09-02,15.8,15.72,15.99,15.64,3518788.0,55546227.09
2021-09-03,15.1,15.6,15.78,15.03,4156872.0,64381619.93
2021-09-06,15.4,15.17,15.56,14.99,6667280.0,101102485.46
2021-09-07,15.07,16.69,16.69,15.03,9156356.0,146003862.28
2021-09-08,16.88,16.4,16.98,16.18,7480013.0,123644598.8
2021-09-09,16.39,16.16,16.53,15.9,3855343.0,62043977.19
2021-09-10,16.16,15.9,16.33,15.89,4131006.0,66211889.79
2021-09-13,15.74,15.52,15.78,15.3,5415726.0,83966431.38
2021-09-14,15.55,15.23,15.88,15.05,5542212.0,84772007.0
2021-09-15,15.21,15.04,15.25,14.57,6924279.0,102977317.28
2021-09-16,14.9,14.86,15.02,14.68,3601355.0,53445713.23
2021-09-17,14.86,14.58,14.97,14.13,6318037.0,91512977.71
2021-09-22,14.34,14.22,14.58,14.1,3972951.0,56574610.19
2021-09-23,14.26,14.25,14.69,14.2,4711216.0,67842628.15
2021-09-24,14.35,14.48,14.8,14.02,4961829.0,71491475.23
2021-09-27,14.73,14.82,15.4,14.3,7299083.0,108628140.18
2021-09-28,14.82,15.23,15.38,14.56,5876230.0,88511449.49
2021-09-29,15.22,14.44,15.22,14.4,4497225.0,66104779.55
2021-09-30,14.44,14.15,14.7,14.13,4381558.0,62936385.4
2021-10-08,14.33,15.57,15.57,14.23,11196150.0,167754298.56
2021-10-11,15.49,16.15,16.32,15.3,14488200.0,229629200.0
2021-10-12,15.9,16.12,16.37,15.69,7172207.0,114792429.65
2021-10-13,16.04,16.4,16.59,16.04,6017749.0,98288867.56
2021-10-14,16.4,16.05,16.66,15.9,5366403.0,87145210.0
2021-10-15,16.04,16.24,16.75,15.86,5084753.0,83292904.0
2021-10-18,16.34,15.97,16.48,15.71,4080383.0,65120161.0
2021-10-19,15.95,15.96,16.12,15.74,3097868.0,49261397.0
2021-10-20,15.83,15.96,16.08,15.71,2156750.0,34218006.0
2021-10-21,15.96,17.09,17.56,15.95,18156005.0,314237142.98
2021-10-22,17.12,18.14,18.14,16.83,18778824.0,327645018.28
2021-10-25,17.5,17.95,18.13,17.24,12395629.0,219847912.09
2021-10-26,17.93,17.12,17.95,17.05,9721423.0,168523985.65
2021-10-27,16.95,16.66,17.1,16.4,6915356.0,114885564.07
2021-10-28,16.13,15.2,16.28,14.99,14768069.0,224404200.97
2021-10-29,15.0,15.34,15.65,14.66,8356135.0,126857901.14
2021-11-01,14.58,15.53,16.04,14.46,8990129.0,137772801.82
2021-11-02,15.48,15.26,15.95,15.05,6885244.0,106070985.8
2021-11-03,15.31,15.33,15.43,15.05,3376770.0,51352321.8
2021-11-04,15.34,16.08,16.2,15.16,6935023.0,109397563.19
2021-11-05,16.2,17.38,17.69,16.0,19425671.0,337143583.74
2021-11-08,17.37,17.78,18.2,17.1,16265442.0,288673157.97
2021-11-09,17.78,17.25,17.92,17.14,8679626.0,151096507.25
2021-11-10,17.44,17.44,17.5,16.8,6639360.0,114217842.38
2021-11-11,17.39,17.14,17.92,16.85,9676082.0,166815638.94
2021-11-12,17.44,16.76,17.66,16.6,8106416.0,137029484.39
2021-11-15,16.86,17.09,17.76,16.69,8781523.0,151795669.13
2021-11-16,17.05,18.55,18.8,17.03,29495755.0,546426895.88
2021-11-17,18.28,18.86,19.59,17.88,23539475.0,440445467.65
2021-11-18,18.78,17.6,18.78,17.47,17119715.0,308337240.85
2021-11-19,17.57,18.25,18.39,17.3,9473256.0,169808587.79
2021-11-22,18.24,18.26,18.3,17.39,9682573.0,172988117.38
2021-11-23,18.37,18.76,19.3,18.1,11737583.0,221129936.37
2021-11-24,18.76,18.05,18.85,17.98,10301125.0,187570621.67
2021-11-25,17.98,18.38,18.58,17.9,5461882.0,100054960.56
2021-11-26,18.25,18.16,18.6,17.9,3609716.0,65501924.34
2021-11-29,17.9,17.62,17.99,16.9,10325117.0,178939803.12
2021-11-30,17.5,17.16,17.7,17.0,7590844.0,131297874.54
2021-12-01,17.16,17.33,17.53,17.06,3821762.0,65987747.94
2021-12-02,17.2,16.8,17.29,16.73,6683118.0,112637064.01
2021-12-03,16.92,17.17,17.28,16.8,3902408.0,66391227.16
2021-12-06,17.36,16.94,17.53,16.88,4358457.0,74923782.63
2021-12-07,17.09,17.38,17.55,17.06,5058465.0,87341477.05
2021-12-08,17.37,18.14,18.16,17.02,7985697.0,141684768.68
2021-12-09,18.6,18.32,19.28,18.2,13776734.0,257876357.5
2021-12-10,18.38,18.13,19.1,18.11,7838563.0,145536051.39
2021-12-13,18.16,17.9,18.38,17.81,7119036.0,128230050.28
2021-12-14,17.95,17.69,17.95,17.6,3773544.0,66755827.85
2021-12-15,17.66,17.68,17.85,17.4,4105267.0,72257585.31
2021-12-16,17.66,17.8,17.9,17.52,3161241.0,56012646.74
2021-12-17,17.82,17.37,17.82,17.13,4789704.0,83023237.92
2021-12-20,17.26,16.9,17.47,16.85,3681043.0,62838495.48
2021-12-21,16.87,17.39,17.5,16.86,3976304.0,68831616.41
2021-12-22,17.34,17.2,17.51,17.06,3503082.0,60382290.95
2021-12-23,17.13,16.81,17.24,16.78,3804146.0,64347120.33
2021-12-24,16.8,16.28,16.87,16.16,4404461.0,72212503.47
2021-12-27,16.28,16.82,16.86,16.04,4560229.0,75336607.68
2021-12-28,16.82,17.24,17.33,16.82,4445782.0,76430737.0
2021-12-29,17.15,17.13,17.35,16.88,2962466.0,50451872.0
2021-12-30,17.19,17.29,17.38,17.08,3611470.0,62256726.0
2021-12-31,17.24,17.31,17.54,16.98,4556848.0,78463198.0
2022-01-04,17.29,18.38,18.65,17.11,11441557.0,206933413.0
2022-01-05,18.38,18.04,18.58,17.94,6297048.0,114668774.0
2022-01-06,18.04,18.29,18.5,17.81,6190599.0,112684318.0
2022-01-07,18.29,18.7,19.28,18.2,10757669.0,203398152.0
2022-01-10,18.82,18.77,19.1,18.48,4268561.0,80245538.0
2022-01-11,18.77,18.34,19.19,18.17,5280848.0,98349564.0
2022-01-12,18.54,18.68,18.74,17.98,5060845.0,92895514.0
2022-01-13,18.41,17.81,18.78,17.73,4664495.0,84404915.0
2022-01-14,17.79,17.4,18.0,17.26,4554365.0,79649833.0
2022-01-17,17.39,17.41,17.65,17.17,3497628.0,60961010.0
2022-01-18,17.44,17.04,17.48,16.94,5576444.0,95292527.0
